position,season,pct,p96,pSzn
DM,2022,0.01,-0.1390563137254902,-0.274814
DM,2022,0.02,-0.08973933120834543,-0.151252
DM,2022,0.03,-0.07420911272095046,-0.10177800000000001
DM,2022,0.04,-0.06217532646663681,-0.07224
DM,2022,0.05,-0.05298239140170174,-0.05889999999999999
DM,2022,0.060000000000000005,-0.043323789622142554,-0.04541599999999999
DM,2022,0.06999999999999999,-0.032205268242941835,-0.031128000000000024
DM,2022,0.08,-0.009274897457141048,-0.010132000000000016
DM,2022,0.09,0.00509200225352113,0.0032960000000000003
DM,2022,0.09999999999999999,0.00544594929577465,0.004340000000000001
DM,2022,0.11,0.008647796363636365,0.005991999999999999
DM,2022,0.12,0.013348538181818184,0.007963999999999995
DM,2022,0.13,0.014761169509825093,0.008693999999999999
DM,2022,0.14,0.01622079386429328,0.009416000000000002
DM,2022,0.15000000000000002,0.018794219156912692,0.01046000000000001
DM,2022,0.16,0.02184615833088451,0.012792000000000003
DM,2022,0.17,0.02541079094916251,0.01650400000000001
DM,2022,0.18000000000000002,0.03216185013994404,0.034428000000000056
DM,2022,0.19,0.039780659594985536,0.056116
DM,2022,0.2,0.04330831243972999,0.056580000000000005
DM,2022,0.21000000000000002,0.048650692540933904,0.059042000000000025
DM,2022,0.22,0.05802579987871436,0.065944
DM,2022,0.23,0.06303911773621776,0.069004
DM,2022,0.24000000000000002,0.0649735253723491,0.06935200000000001
DM,2022,0.25,0.06875810114383879,0.07250000000000001
DM,2022,0.26,0.0731148840125392,0.077632
DM,2022,0.27,0.07919779310344828,0.092364
DM,2022,0.28,0.08414678825174828,0.10678400000000005
DM,2022,0.29000000000000004,0.08748940531468531,0.120762
DM,2022,0.3,0.08951148004066418,0.13201999999999997
DM,2022,0.31,0.09093931071501188,0.142054
DM,2022,0.32,0.09512554717877021,0.17269599999999993
DM,2022,0.33,0.0987434011976048,0.199916
DM,2022,0.34,0.10026529341317367,0.21406800000000006
DM,2022,0.35000000000000003,0.10145371109337592,0.2609800000000001
DM,2022,0.36000000000000004,0.10233088587390264,0.3384680000000004
DM,2022,0.37,0.10316975313880833,0.36015800000000003
DM,2022,0.38,0.10394878435298913,0.367288
DM,2022,0.39,0.10405493795913617,0.37436400000000003
DM,2022,0.4,0.10517138170659891,0.38260000000000005
DM,2022,0.41000000000000003,0.10820737672256146,0.39304000000000006
DM,2022,0.42000000000000004,0.1098190683982684,0.43890400000000035
DM,2022,0.43,0.11056035247715246,0.5064160000000001
DM,2022,0.44,0.11143695585996954,0.523436
DM,2022,0.45,0.1121928270871026,0.5353600000000001
DM,2022,0.46,0.11229423789092788,0.550788
DM,2022,0.47000000000000003,0.11386438256049462,0.56437
DM,2022,0.48000000000000004,0.1172421996802047,0.5756800000000001
DM,2022,0.49,0.11843617692551169,0.583588
DM,2022,0.5,0.1187982151710461,0.5902000000000001
DM,2022,0.51,0.11912911637680214,0.6436760000000001
DM,2022,0.52,0.11942293697270472,0.6996319999999999
DM,2022,0.53,0.11961942096774195,0.7620980000000002
DM,2022,0.54,0.12119480027247957,0.8349960000000001
DM,2022,0.55,0.12389053201634878,0.9163700000000002
DM,2022,0.56,0.12522704865706502,0.9318879999999999
DM,2022,0.5700000000000001,0.12617323947550035,0.9389780000000001
DM,2022,0.5800000000000001,0.12619074488152748,0.9919319999999999
DM,2022,0.59,0.1267997989620812,1.0630799999999998
DM,2022,0.6,0.12837684178276934,1.1639999999999995
DM,2022,0.61,0.1338127157112154,1.199978
DM,2022,0.62,0.14127955338058662,1.201776
DM,2022,0.63,0.14658780480098493,1.233436
DM,2022,0.64,0.1509036496099269,1.2639719999999999
DM,2022,0.65,0.1520282009728094,1.2817200000000002
DM,2022,0.66,0.15351990907750765,1.295492
DM,2022,0.67,0.15540499940557995,1.305004
DM,2022,0.68,0.15726489007247707,1.3208080000000002
DM,2022,0.6900000000000001,0.1590576999673843,1.3413060000000006
DM,2022,0.7000000000000001,0.15919675431886374,1.4371800000000001
DM,2022,0.7100000000000001,0.1601631226896547,1.5200040000000006
DM,2022,0.72,0.16296796665891566,1.5738279999999998
DM,2022,0.73,0.16694418762793597,1.6498879999999996
DM,2022,0.74,0.17174726294972764,1.7416440000000004
DM,2022,0.75,0.17335642444053306,1.82795
DM,2022,0.76,0.17436322970246174,1.9258879999999994
DM,2022,0.77,0.1747992223648971,2.101976000000001
DM,2022,0.78,0.17557661654523615,2.221304
DM,2022,0.79,0.1768376628759388,2.260222
DM,2022,0.8,0.1833439097185216,2.3329400000000007
DM,2022,0.81,0.1922104967914503,2.4208680000000005
DM,2022,0.8200000000000001,0.19343877632772152,2.438012
DM,2022,0.8300000000000001,0.19612871782477342,2.455666
DM,2022,0.8400000000000001,0.20426981510574027,2.4828680000000003
DM,2022,0.85,0.21259836010143698,2.49936
DM,2022,0.86,0.22110185629754864,2.5058559999999996
DM,2022,0.87,0.22418676246830094,2.5808459999999998
DM,2022,0.88,0.2271887763546798,2.673324
DM,2022,0.89,0.2481546049261083,2.7606719999999996
DM,2022,0.9,0.26395838423645324,2.8667200000000004
DM,2022,0.91,0.26995426995073896,3.008298
DM,2022,0.92,0.2835894857142857,3.1647079999999996
DM,2022,0.93,0.30189318095238116,3.3301820000000015
DM,2022,0.9400000000000001,0.31225712000000005,3.526492000000001
DM,2022,0.9500000000000001,0.32714371034482764,3.7908900000000014
DM,2022,0.9600000000000001,0.36813643034482807,4.3650320000000065
DM,2022,0.97,0.42379447302231216,4.892607999999998
DM,2022,0.98,0.49750214361054723,5.362871999999997
DM,2022,0.99,0.5318790160427808,5.511626
DM,2022,1.0,0.5512727272727272,5.5379000000000005
DM,2023,0.01,-1.9105414243902439,-0.210016
DM,2023,0.02,-0.14102418583042975,-0.146172
DM,2023,0.03,-0.12390034285714288,-0.137148
DM,2023,0.04,-0.10711040000000001,-0.12925599999999998
DM,2023,0.05,-0.062848,-0.09422
DM,2023,0.060000000000000005,-0.0357228544,-0.07060799999999998
DM,2023,0.06999999999999999,-0.019023331603361355,-0.045444
DM,2023,0.08,-0.009264855803020508,-0.015632000000000004
DM,2023,0.09,-0.008188548956925425,-0.012136000000000001
DM,2023,0.09999999999999999,0.00014995362532204976,-0.0019200000000000007
DM,2023,0.11,0.0076442855082912795,0.008719999999999999
DM,2023,0.12,0.012360721150332061,0.018619999999999987
DM,2023,0.13,0.01874026560471829,0.032680000000000015
DM,2023,0.14,0.025575703968614256,0.04571600000000001
DM,2023,0.15000000000000002,0.03085809574515168,0.05776000000000003
DM,2023,0.16,0.034503988443293665,0.068268
DM,2023,0.17,0.0375430371943996,0.07571600000000002
DM,2023,0.18000000000000002,0.04508041347577506,0.08391200000000001
DM,2023,0.19,0.05031381893543245,0.098576
DM,2023,0.2,0.057157244293112544,0.12228000000000008
DM,2023,0.21000000000000002,0.07427812195491539,0.15830400000000014
DM,2023,0.22,0.07746246088794925,0.20282399999999998
DM,2023,0.23,0.08142292882311487,0.219928
DM,2023,0.24000000000000002,0.08514715151515151,0.22124400000000002
DM,2023,0.25,0.08639999999999999,0.2236000000000001
DM,2023,0.26,0.09137396869565217,0.22945200000000004
DM,2023,0.27,0.093067797702253,0.25215200000000015
DM,2023,0.28,0.09435968249356137,0.28237600000000007
DM,2023,0.29000000000000004,0.0974298947368421,0.31072
DM,2023,0.3,0.09819789473684212,0.313
DM,2023,0.31,0.09842443636363636,0.315784
DM,2023,0.32,0.0985226312975408,0.323292
DM,2023,0.33,0.09917442373308401,0.33814400000000006
DM,2023,0.34,0.10377174164254852,0.36231200000000013
DM,2023,0.35000000000000003,0.10991432527359331,0.37922
DM,2023,0.36000000000000004,0.11363257229756055,0.3997000000000001
DM,2023,0.37,0.11420191911106925,0.43066800000000005
DM,2023,0.38,0.11478547200903999,0.484932
DM,2023,0.39,0.11502978163053489,0.5031
DM,2023,0.4,0.11562542677648019,0.5173800000000001
DM,2023,0.41000000000000003,0.11655629244297155,0.5348600000000001
DM,2023,0.42000000000000004,0.1173438002805956,0.55462
DM,2023,0.43,0.11745363550778053,0.558264
DM,2023,0.44,0.11790798786815603,0.5738719999999999
DM,2023,0.45,0.1188968282182625,0.5981400000000001
DM,2023,0.46,0.12051832126439296,0.6184320000000001
DM,2023,0.47000000000000003,0.1207750131462318,0.619932
DM,2023,0.48000000000000004,0.1216287220025105,0.625668
DM,2023,0.49,0.1230028367055458,0.6609560000000002
DM,2023,0.5,0.12465410334346505,0.7535999999999999
DM,2023,0.51,0.12651999841816536,0.7687999999999999
DM,2023,0.52,0.13201900742982017,0.7868600000000001
DM,2023,0.53,0.1375441760972316,0.8158440000000001
DM,2023,0.54,0.14014485445318117,0.8610400000000004
DM,2023,0.55,0.14103942532290736,0.9017000000000002
DM,2023,0.56,0.14149790464201417,0.9231520000000001
DM,2023,0.5700000000000001,0.14300569868129306,0.9432800000000002
DM,2023,0.5800000000000001,0.14593322649449472,0.9729640000000003
DM,2023,0.59,0.14684433273764916,1.0191719999999997
DM,2023,0.6,0.1472142362246771,1.0415
DM,2023,0.61,0.14744033524635292,1.053644
DM,2023,0.62,0.1478403409491924,1.062208
DM,2023,0.63,0.14916478957607562,1.074292
DM,2023,0.64,0.1503844393592677,1.170984
DM,2023,0.65,0.15253559810367964,1.24722
DM,2023,0.66,0.15581266979667782,1.282064
DM,2023,0.67,0.16010175428448398,1.284268
DM,2023,0.68,0.16113117192154175,1.3520920000000007
DM,2023,0.6900000000000001,0.1627722050221763,1.4397360000000006
DM,2023,0.7000000000000001,0.16457462883613203,1.51588
DM,2023,0.7100000000000001,0.16480254962362478,1.535184
DM,2023,0.72,0.16801512920567807,1.557296
DM,2023,0.73,0.16995574150680529,1.6989879999999993
DM,2023,0.74,0.17086614271749756,1.853104
DM,2023,0.75,0.1713616161616162,1.8832
DM,2023,0.76,0.1727800872418452,1.91436
DM,2023,0.77,0.17328305146228115,1.9680880000000003
DM,2023,0.78,0.1744168231890574,2.014704
DM,2023,0.79,0.17723226974706532,2.0356360000000007
DM,2023,0.8,0.1778145185628967,2.1351200000000006
DM,2023,0.81,0.1795049337243402,2.180676
DM,2023,0.8200000000000001,0.1811773604278075,2.227484000000001
DM,2023,0.8300000000000001,0.1835629814302956,2.313512000000001
DM,2023,0.8400000000000001,0.19684659913574964,2.493176000000001
DM,2023,0.85,0.19991726009265387,2.54222
DM,2023,0.86,0.20100950943396229,2.621304
DM,2023,0.87,0.20366732075471705,2.749608
DM,2023,0.88,0.2102597232704402,2.755992
DM,2023,0.89,0.21222919611206403,2.75796
DM,2023,0.9,0.2157974540212311,2.8373800000000013
DM,2023,0.91,0.2218779428269585,2.9663559999999998
DM,2023,0.92,0.22905795020743844,3.016972
DM,2023,0.93,0.23226856350129962,3.1039000000000008
DM,2023,0.9400000000000001,0.23427200837015305,3.159064
DM,2023,0.9500000000000001,0.24101389473684218,3.2091600000000007
DM,2023,0.9600000000000001,0.2625306947368424,3.318448000000001
DM,2023,0.97,0.3591592572442341,3.451352
DM,2023,0.98,0.40709824719101134,3.5582560000000005
DM,2023,0.99,0.4919839999999984,3.898035999999994
DM,2023,1.0,0.7237333333333333,4.7768999999999995
DM,2024,0.01,-0.32206978723404256,-0.16388
DM,2024,0.02,-0.05982251458885943,-0.03886399999999998
DM,2024,0.03,-0.01596401061007958,-0.016296
DM,2024,0.04,-0.00529193859844271,-0.009279999999999997
DM,2024,0.05,-0.0039858595462262635,-0.006359999999999991
DM,2024,0.060000000000000005,-0.0010501887328291382,-0.001151999999999995
DM,2024,0.06999999999999999,0.004533894736842108,0.001370000000000001
DM,2024,0.08,0.01229902392344499,0.00168
DM,2024,0.09,0.031824000000000005,0.0017579999999999978
DM,2024,0.09999999999999999,0.04736,0.0021999999999999954
DM,2024,0.11,0.05281600000000001,0.00344
DM,2024,0.12,0.06139599999999999,0.03244399999999997
DM,2024,0.13,0.07071081063122923,0.068984
DM,2024,0.14,0.07495585382059801,0.069852
DM,2024,0.15000000000000002,0.07802321622958931,0.07726000000000002
DM,2024,0.16,0.079834385806178,0.091644
DM,2024,0.17,0.08048934324532171,0.10068200000000002
DM,2024,0.18000000000000002,0.08337162023450048,0.10744000000000001
DM,2024,0.19,0.09314990165523787,0.10991999999999999
DM,2024,0.2,0.09666157997121574,0.11972000000000001
DM,2024,0.21000000000000002,0.09678398592237757,0.13377400000000003
DM,2024,0.22,0.09862717215759116,0.15466800000000003
DM,2024,0.23,0.09983737443760457,0.17993
DM,2024,0.24000000000000002,0.10017113739503306,0.21124000000000007
DM,2024,0.25,0.10079894941963907,0.22585000000000002
DM,2024,0.26,0.10144075883268794,0.23716000000000004
DM,2024,0.27,0.1018468416304044,0.2514200000000001
DM,2024,0.28,0.10347012482487115,0.2737080000000002
DM,2024,0.29000000000000004,0.10597249719476866,0.30179400000000023
DM,2024,0.3,0.10908635464125659,0.30923999999999996
DM,2024,0.31,0.1116011214784044,0.313754
DM,2024,0.32,0.11298957296059492,0.314188
DM,2024,0.33,0.11525731382939179,0.3552860000000001
DM,2024,0.34,0.11772037983513664,0.40468000000000004
DM,2024,0.35000000000000003,0.11943747195542197,0.4146000000000001
DM,2024,0.36000000000000004,0.12078015000389825,0.42925600000000014
DM,2024,0.37,0.12177181486005353,0.44835200000000003
DM,2024,0.38,0.12377472861560851,0.5312879999999998
DM,2024,0.39,0.1254321217874844,0.599032
DM,2024,0.4,0.12598005818592092,0.61292
DM,2024,0.41000000000000003,0.1281446508386563,0.631596
DM,2024,0.42000000000000004,0.13095114127701807,0.6539920000000002
DM,2024,0.43,0.13190252308918501,0.697268
DM,2024,0.44,0.13364680286485756,0.7567560000000001
DM,2024,0.45,0.1363538873105012,0.8359300000000003
DM,2024,0.46,0.1375948715440389,0.8510920000000001
DM,2024,0.47000000000000003,0.13955181707747844,0.861616
DM,2024,0.48000000000000004,0.1449301465482334,0.8984440000000001
DM,2024,0.49,0.14778026345657183,0.9498639999999999
DM,2024,0.5,0.14903361453601557,1.0105
DM,2024,0.51,0.14936982557848044,1.089178
DM,2024,0.52,0.15005079011439063,1.1451040000000001
DM,2024,0.53,0.15127761434825593,1.165006
DM,2024,0.54,0.15476918288243013,1.2476440000000006
DM,2024,0.55,0.15868895967874003,1.3368900000000001
DM,2024,0.56,0.16140055724935387,1.3653480000000005
DM,2024,0.5700000000000001,0.1627440988023952,1.4031560000000003
DM,2024,0.5800000000000001,0.16296100598802396,1.4486640000000006
DM,2024,0.59,0.16336242285508293,1.7320299999999993
DM,2024,0.6,0.16453963950973324,1.9729999999999992
DM,2024,0.61,0.16731931362653207,2.09049
DM,2024,0.62,0.16980782559950172,2.139428
DM,2024,0.63,0.172455866668637,2.163508
DM,2024,0.64,0.17770455597236268,2.217324
DM,2024,0.65,0.1822389914934521,2.2808600000000006
DM,2024,0.66,0.18601155631306276,2.3547640000000003
DM,2024,0.67,0.18891774651869653,2.37942
DM,2024,0.68,0.19122817807974254,2.393756
DM,2024,0.6900000000000001,0.1921948149472555,2.399398
DM,2024,0.7000000000000001,0.19500308511523426,2.4117200000000003
DM,2024,0.7100000000000001,0.19873539134966128,2.428828
DM,2024,0.72,0.19980183011985408,2.479296
DM,2024,0.73,0.20071150762493156,2.5596639999999997
DM,2024,0.74,0.20140413107061858,2.6814320000000005
DM,2024,0.75,0.20234974794924743,2.7064
DM,2024,0.76,0.20330763439446708,2.7155879999999994
DM,2024,0.77,0.2040636506008731,2.755826
DM,2024,0.78,0.20558966905593087,2.780728
DM,2024,0.79,0.20767180024612603,2.794554
DM,2024,0.8,0.2102101940421628,2.81954
DM,2024,0.81,0.21193732166146623,2.8572180000000005
DM,2024,0.8200000000000001,0.2121617675893854,2.9172960000000003
DM,2024,0.8300000000000001,0.21233023212435234,2.9504180000000004
DM,2024,0.8400000000000001,0.21248208000000002,2.973932
DM,2024,0.85,0.2126532,2.9958799999999997
DM,2024,0.86,0.21293815741935482,3.088484
DM,2024,0.87,0.21332983741935482,3.247327999999999
DM,2024,0.88,0.21361025266675235,3.3366200000000004
DM,2024,0.89,0.21396928496540155,3.4280540000000004
DM,2024,0.9,0.21454963304676034,3.542940000000001
DM,2024,0.91,0.21795536842105265,3.7364500000000005
DM,2024,0.92,0.22242031190150477,3.954176
DM,2024,0.93,0.22273514637482902,3.980154
DM,2024,0.9400000000000001,0.2237073581492904,4.062776
DM,2024,0.9500000000000001,0.2254778137894184,4.214180000000002
DM,2024,0.9600000000000001,0.22876606259679455,4.298088
DM,2024,0.97,0.278544243274854,4.368428
DM,2024,0.98,0.4867157333333327,4.436752
DM,2024,0.99,0.6793153122807025,4.768910000000002
DM,2024,1.0,0.8620800000000001,5.2677
DM,2025,0.01,-0.1516544,-0.084376
DM,2025,0.02,-0.1256832,-0.04789600000000001
DM,2025,0.03,-0.107088,-0.018720000000000007
DM,2025,0.04,-0.0869658947368421,-0.013883999999999999
DM,2025,0.05,-0.02824421052631576,-0.012479999999999998
DM,2025,0.060000000000000005,-0.018334431941923766,-0.008967999999999997
DM,2025,0.06999999999999999,-0.01277222439526506,-0.006388000000000001
DM,2025,0.08,-0.0057442388059701505,-0.003951999999999997
DM,2025,0.09,0.0005279999999999889,2.1999999999999535e-05
DM,2025,0.09999999999999999,0.02111999999999998,0.0008799999999999991
DM,2025,0.11,0.03070857142857143,0.011888000000000003
DM,2025,0.12,0.03478836205016357,0.020384
DM,2025,0.13,0.037018766282280326,0.023350000000000006
DM,2025,0.14,0.03993880656163717,0.033100000000000025
DM,2025,0.15000000000000002,0.041600720130932904,0.04222000000000002
DM,2025,0.16,0.047695475409836076,0.04800400000000001
DM,2025,0.17,0.05408834138405707,0.050838
DM,2025,0.18000000000000002,0.05544063691787489,0.05184
DM,2025,0.19,0.05834679727445053,0.05262
DM,2025,0.2,0.05916871899620659,0.055200000000000006
DM,2025,0.21000000000000002,0.059922659846547315,0.057028
DM,2025,0.22,0.06198211764705882,0.062088
DM,2025,0.23,0.06682729411764705,0.08494200000000003
DM,2025,0.24000000000000002,0.06826105263157894,0.09022800000000002
DM,2025,0.25,0.0699679504947304,0.10070000000000001
DM,2025,0.26,0.0728638987424298,0.11464400000000002
DM,2025,0.27,0.07698598147057249,0.12852800000000006
DM,2025,0.28,0.07703111701387029,0.14709200000000008
DM,2025,0.29000000000000004,0.07745093246659444,0.1808460000000002
DM,2025,0.3,0.07848208527181186,0.20119999999999996
DM,2025,0.31,0.07998564498852041,0.205406
DM,2025,0.32,0.08143418282748043,0.210632
DM,2025,0.33,0.08413114874141878,0.21600600000000003
DM,2025,0.34,0.08670111125916058,0.22757600000000008
DM,2025,0.35000000000000003,0.08867119412233337,0.2502800000000002
DM,2025,0.36000000000000004,0.0898663758386158,0.282352
DM,2025,0.37,0.0913180857196653,0.28383400000000003
DM,2025,0.38,0.09284812467501552,0.29760400000000004
DM,2025,0.39,0.09364319501922724,0.3223780000000001
DM,2025,0.4,0.09429947609445714,0.34976000000000007
DM,2025,0.41000000000000003,0.0964227817000493,0.3640340000000001
DM,2025,0.42000000000000004,0.09899567227094092,0.38697200000000015
DM,2025,0.43,0.10467323546447099,0.402794
DM,2025,0.44,0.10999811307156213,0.412184
DM,2025,0.45,0.11249586795316945,0.4257400000000001
DM,2025,0.46,0.11265336771762079,0.49859200000000026
DM,2025,0.47000000000000003,0.1156140142424393,0.51178
DM,2025,0.48000000000000004,0.11797665656516008,0.5504640000000004
DM,2025,0.49,0.11911034287656053,0.6175619999999999
DM,2025,0.5,0.11929449492250134,0.6855
DM,2025,0.51,0.12426078888295031,0.7869000000000002
DM,2025,0.52,0.12876307692307692,0.845628
DM,2025,0.53,0.13194442105263157,0.8901760000000002
DM,2025,0.54,0.13438479635051406,0.9324760000000001
DM,2025,0.55,0.14085439368148708,0.9440200000000001
DM,2025,0.56,0.14591941351927118,1.0594680000000012
DM,2025,0.5700000000000001,0.14877208303189624,1.1271300000000002
DM,2025,0.5800000000000001,0.1509689693745767,1.1600640000000007
DM,2025,0.59,0.1547771576511199,1.2176619999999991
DM,2025,0.6,0.1565830933981877,1.4306799999999993
DM,2025,0.61,0.15751658602881216,1.50067
DM,2025,0.62,0.1591726526485263,1.544884
DM,2025,0.63,0.16175533047753804,1.62344
DM,2025,0.64,0.16311572423381482,1.7334200000000002
DM,2025,0.65,0.16550228982528264,1.7960800000000001
DM,2025,0.66,0.16717656849757323,1.822948
DM,2025,0.67,0.16832407990619247,1.8575020000000007
DM,2025,0.68,0.16949242669837847,1.9433800000000006
DM,2025,0.6900000000000001,0.17135295627198244,1.9917400000000003
DM,2025,0.7000000000000001,0.1727989148896299,2.01286
DM,2025,0.7100000000000001,0.17350400129329507,2.1065580000000006
DM,2025,0.72,0.1753742701827074,2.25196
DM,2025,0.73,0.18427429603900247,2.26834
DM,2025,0.74,0.18508635747558527,2.273272
DM,2025,0.75,0.18626920022261367,2.27715
DM,2025,0.76,0.18744270406357186,2.280188
DM,2025,0.77,0.18828568576889665,2.282606
DM,2025,0.78,0.19789986140747182,2.294384
DM,2025,0.79,0.20187599622047248,2.3142840000000002
DM,2025,0.8,0.20323210749509554,2.34052
DM,2025,0.81,0.20463898216649642,2.392870000000001
DM,2025,0.8200000000000001,0.20990437815305482,2.5188400000000013
DM,2025,0.8300000000000001,0.2140464933726862,2.6573900000000017
DM,2025,0.8400000000000001,0.21721679852988274,2.855952000000003
DM,2025,0.85,0.22183571878500613,3.0456899999999996
DM,2025,0.86,0.22924958904259887,3.167204
DM,2025,0.87,0.2344610151688321,3.2306179999999998
DM,2025,0.88,0.236017947007564,3.448784
DM,2025,0.89,0.24258692964720446,3.855320000000001
DM,2025,0.9,0.2527974491657097,4.29478
DM,2025,0.91,0.25912276808754986,4.445632000000002
DM,2025,0.92,0.2744893378341393,4.655232000000002
DM,2025,0.93,0.2805987528255366,4.828740000000002
DM,2025,0.9400000000000001,0.30117506789561693,4.984016000000002
DM,2025,0.9500000000000001,0.3426933083411434,5.135770000000002
DM,2025,0.9600000000000001,0.3439518350515464,5.278276000000002
DM,2025,0.97,0.3569035235109717,5.306866
DM,2025,0.98,0.3955557135278513,5.33824
DM,2025,0.99,0.5045125714285711,5.4208799999999995
DM,2025,1.0,0.7460571428571429,5.5878
DM,2026,0.01,-0.13914036825599999,-0.15451000000000004
DM,2026,0.02,-0.08041743673469387,-0.11854400000000001
DM,2026,0.03,-0.07417304739746061,-0.08895400000000002
DM,2026,0.04,-0.06797292667685967,-0.041372000000000006
DM,2026,0.05,-0.055845757815642966,-0.037819999999999986
DM,2026,0.060000000000000005,-0.04118153784860558,-0.034451641839999984
DM,2026,0.06999999999999999,-0.027603572668112804,-0.028647332520000002
DM,2026,0.08,-0.022068260303687637,-0.02021193488
DM,2026,0.09,-0.017256319801673373,-0.015274
DM,2026,0.09999999999999999,-0.012038095238095237,-0.008200000000000006
DM,2026,0.11,-0.005433696969696961,0.000560000000000005
DM,2026,0.12,0.005311999999999989,0.007219999999999991
DM,2026,0.13,0.019686441558441584,0.009168000000000004
DM,2026,0.14,0.028902711246200613,0.019960000000000037
DM,2026,0.15000000000000002,0.03267451210564931,0.038380000000000004
DM,2026,0.16,0.04119271019809245,0.039712000000000004
DM,2026,0.17,0.04525942393509128,0.054500000000000014
DM,2026,0.18000000000000002,0.05151867586206899,0.06852000000000004
DM,2026,0.19,0.06165765420447671,0.076156
DM,2026,0.2,0.0648864238757814,0.07808000000000001
DM,2026,0.21000000000000002,0.07097604919752289,0.08475600000000001
DM,2026,0.22,0.07542197538922349,0.090728
DM,2026,0.23,0.07547309932553603,0.09277199999999998
DM,2026,0.24000000000000002,0.07719076676843403,0.09913600000000002
DM,2026,0.25,0.07800478824816376,0.1013
DM,2026,0.26,0.0783429135802469,0.102024
DM,2026,0.27,0.07859323456790124,0.10394800000000001
DM,2026,0.28,0.08384714617169377,0.10515200000000001
DM,2026,0.29000000000000004,0.08669974517093898,0.109004
DM,2026,0.3,0.08849832618102814,0.11807999999999999
DM,2026,0.31,0.09162598847251899,0.13687600000000003
DM,2026,0.32,0.09525625892078847,0.148056
DM,2026,0.33,0.09726574168239936,0.16146200000000002
DM,2026,0.34,0.09801209043409095,0.175988
DM,2026,0.35000000000000003,0.09877852397037161,0.18657000000000004
DM,2026,0.36000000000000004,0.10027711822151648,0.19446400000000003
DM,2026,0.37,0.10341307617140569,0.2216599999999999
DM,2026,0.38,0.10764546978425393,0.262272
DM,2026,0.39,0.11008827501035431,0.27566599999999997
DM,2026,0.4,0.11109355439881756,0.30322000000000005
DM,2026,0.41000000000000003,0.11184846535851825,0.320206
DM,2026,0.42000000000000004,0.11297184059938371,0.3221280000000001
DM,2026,0.43,0.11630951945378744,0.33441200000000004
DM,2026,0.44,0.11796259801025807,0.35117600000000004
DM,2026,0.45,0.11869362736418511,0.37466000000000016
DM,2026,0.46,0.11892325582850886,0.40621999999999997
DM,2026,0.47000000000000003,0.12014634579877954,0.44359000000000004
DM,2026,0.48000000000000004,0.12089601129816765,0.458132
DM,2026,0.49,0.12332403435108741,0.46366599999999997
DM,2026,0.5,0.12922033898305085,0.47040000000000004
DM,2026,0.51,0.1320273839265947,0.5132460000000001
DM,2026,0.52,0.13514016751035438,0.5295960000000001
DM,2026,0.53,0.13819578236397748,0.5548699999999999
DM,2026,0.54,0.1407248330206379,0.6351600000000001
DM,2026,0.55,0.1412021318539799,0.6838100000000001
DM,2026,0.56,0.1417183217169961,0.7293320000000003
DM,2026,0.5700000000000001,0.1426853673971074,0.789470000000001
DM,2026,0.5800000000000001,0.1447238823050357,0.8978800000000002
DM,2026,0.59,0.14646334426229507,0.9319739999999999
DM,2026,0.6,0.14812765061555644,0.9472999999999999
DM,2026,0.61,0.14991923570869226,0.95538
DM,2026,0.62,0.15239803288958498,0.96796
DM,2026,0.63,0.15329599999999996,0.9863679999999999
DM,2026,0.64,0.15380286792452827,1.002412
DM,2026,0.65,0.1546471301550088,1.0230400000000002
DM,2026,0.66,0.1582258304089921,1.0965960000000003
DM,2026,0.67,0.16141768185424774,1.1266520000000002
DM,2026,0.68,0.16380165215973921,1.143268
DM,2026,0.6900000000000001,0.16529273914988815,1.1615100000000003
DM,2026,0.7000000000000001,0.16709429977628637,1.2196000000000005
DM,2026,0.7100000000000001,0.16883051359943482,1.2529580000000002
DM,2026,0.72,0.17324921052631578,1.271136
DM,2026,0.73,0.18191409574468084,1.279304
DM,2026,0.74,0.18336063829787233,1.283152
DM,2026,0.75,0.18407489361702128,1.3514
DM,2026,0.76,0.18504950179028135,1.433064
DM,2026,0.77,0.1872987989769821,1.478278
DM,2026,0.78,0.18785551332897163,1.5172999999999999
DM,2026,0.79,0.18850466638477803,1.538256
DM,2026,0.8,0.18942920475291833,1.55848
DM,2026,0.81,0.19086809237824182,1.6061360000000005
DM,2026,0.8200000000000001,0.19153031025212922,1.6598440000000005
DM,2026,0.8300000000000001,0.19211022249295667,1.685484
DM,2026,0.8400000000000001,0.19411319254658388,1.690516
DM,2026,0.85,0.2013127950310559,1.6998399999999998
DM,2026,0.86,0.20523232653061224,1.801452
DM,2026,0.87,0.20765008856372735,1.8774319999999998
DM,2026,0.88,0.20930322752497227,1.9187440000000004
DM,2026,0.89,0.2118479733629301,1.9769820000000002
DM,2026,0.9,0.2239397647058825,2.046500000000001
DM,2026,0.91,0.23289117885462554,2.1221520000000003
DM,2026,0.92,0.2386729646318439,2.1974759999999995
DM,2026,0.93,0.27040669804908785,2.236104
DM,2026,0.9400000000000001,0.2795199296703297,2.268516
DM,2026,0.9500000000000001,0.28207287449392715,2.28828
DM,2026,0.9600000000000001,0.2921524777747488,2.3007480000000013
DM,2026,0.97,0.41571015871284445,2.458886
DM,2026,0.98,0.4803448911917096,2.51682
DM,2026,0.99,0.5323860000000006,2.7596780000000045
DM,2026,1.0,0.6072000000000001,3.4222
ST,2022,0.01,-0.1556215384615385,-0.11017400000000002
ST,2022,0.02,-0.07587466403940889,-0.09050000000000001
ST,2022,0.03,-0.061224496551724156,-0.07409600000000001
ST,2022,0.04,-0.060155934664246825,-0.050928
ST,2022,0.05,-0.04415317211948791,-0.039639999999999995
ST,2022,0.060000000000000005,-0.0412911196911197,-0.029976000000000023
ST,2022,0.06999999999999999,-0.04054059574468085,-0.02106000000000001
ST,2022,0.08,-0.03856054046940118,-0.019380000000000012
ST,2022,0.09,-0.0241410984067479,-0.013232
ST,2022,0.09999999999999999,-0.019360498132005004,-0.00478000000000001
ST,2022,0.11,-0.0004828504998149021,0.0005099999999999979
ST,2022,0.12,0.005041890347490349,0.001576000000000001
ST,2022,0.13,0.005883702857142862,0.0071500000000000044
ST,2022,0.14,0.01233046012738854,0.01831600000000001
ST,2022,0.15000000000000002,0.030541239545832287,0.023440000000000003
ST,2022,0.16,0.0479135911942763,0.024508
ST,2022,0.17,0.06428796884128529,0.033478
ST,2022,0.18000000000000002,0.07028640900562852,0.04228800000000005
ST,2022,0.19,0.07086406728343146,0.059704000000000056
ST,2022,0.2,0.07575454691259023,0.07886000000000003
ST,2022,0.21000000000000002,0.07889642231416749,0.08724000000000001
ST,2022,0.22,0.08053087370425216,0.09824399999999997
ST,2022,0.23,0.09480385557809337,0.107628
ST,2022,0.24000000000000002,0.10816188235294118,0.11944800000000007
ST,2022,0.25,0.11399552447552447,0.13505
ST,2022,0.26,0.11788734545454545,0.157564
ST,2022,0.27,0.12199880551181103,0.19697400000000004
ST,2022,0.28,0.1329604159716722,0.226744
ST,2022,0.29000000000000004,0.1430779618069303,0.23903600000000003
ST,2022,0.3,0.1462953827045025,0.2534
ST,2022,0.31,0.15402467341023363,0.266672
ST,2022,0.32,0.16704173275999362,0.285068
ST,2022,0.33,0.17023975748389542,0.3082580000000001
ST,2022,0.34,0.17257010837438425,0.320664
ST,2022,0.35000000000000003,0.17386125000000002,0.32509000000000005
ST,2022,0.36000000000000004,0.17535507692307692,0.33535200000000004
ST,2022,0.37,0.1765821252236136,0.3423959999999999
ST,2022,0.38,0.17919542780659195,0.361464
ST,2022,0.39,0.18179610954761613,0.36783
ST,2022,0.4,0.18923141427761328,0.381
ST,2022,0.41000000000000003,0.1939145108868826,0.3858
ST,2022,0.42000000000000004,0.19583214941948512,0.4186800000000004
ST,2022,0.43,0.19811335868528804,0.507342
ST,2022,0.44,0.1995623399399399,0.520764
ST,2022,0.45,0.20357559975386946,0.5251
ST,2022,0.46,0.21008775744814392,0.5591080000000008
ST,2022,0.47000000000000003,0.21218740592190632,0.7066060000000002
ST,2022,0.48000000000000004,0.21395282891192385,0.7821
ST,2022,0.49,0.21900945902706453,0.787166
ST,2022,0.5,0.22465753424657534,0.8002
ST,2022,0.51,0.23262150545211555,0.8090200000000002
ST,2022,0.52,0.23906087610222176,0.9196000000000001
ST,2022,0.53,0.24167079294355914,1.0189520000000003
ST,2022,0.54,0.24498955130920927,1.065572
ST,2022,0.55,0.24714770655535406,1.09115
ST,2022,0.56,0.24844819928175532,1.120264
ST,2022,0.5700000000000001,0.24999558930325833,1.1251039999999999
ST,2022,0.5800000000000001,0.25907139794799317,1.2790200000000007
ST,2022,0.59,0.2619056432432433,1.4082580000000002
ST,2022,0.6,0.2635608927209418,1.4467599999999998
ST,2022,0.61,0.27302856441717793,1.538962
ST,2022,0.62,0.28358654304635755,1.6120599999999998
ST,2022,0.63,0.29055730035749866,1.637438
ST,2022,0.64,0.29415684423377775,1.653816
ST,2022,0.65,0.2975646437994723,1.7577100000000003
ST,2022,0.66,0.2995754865424431,1.8358000000000003
ST,2022,0.67,0.3004212350923775,1.8995920000000008
ST,2022,0.68,0.3024251254089422,1.974424
ST,2022,0.6900000000000001,0.3105089423887588,2.0557240000000006
ST,2022,0.7000000000000001,0.314907658664357,2.130820000000001
ST,2022,0.7100000000000001,0.3153400615698333,2.189286000000001
ST,2022,0.72,0.3184198085847692,2.371216000000001
ST,2022,0.73,0.3208685109688254,2.6476519999999977
ST,2022,0.74,0.32225976334776335,2.8355439999999996
ST,2022,0.75,0.33594026825633383,2.9596
ST,2022,0.76,0.3487672426229508,3.0804880000000003
ST,2022,0.77,0.34998551117200677,3.289512000000003
ST,2022,0.78,0.3551516619382997,3.479636
ST,2022,0.79,0.36368662493383674,3.6190900000000004
ST,2022,0.8,0.3702049023664655,3.7974799999999997
ST,2022,0.81,0.37612897959183683,3.891748000000002
ST,2022,0.8200000000000001,0.3845361619433198,4.052352000000001
ST,2022,0.8300000000000001,0.3920733846153846,4.098876000000001
ST,2022,0.8400000000000001,0.3976281911262799,4.15692
ST,2022,0.85,0.40391161132788955,4.25688
ST,2022,0.86,0.41193076538136947,4.36342
ST,2022,0.87,0.42057027847042794,4.443652
ST,2022,0.88,0.4238388578459566,4.499115999999999
ST,2022,0.89,0.42477004360189574,4.609947999999999
ST,2022,0.9,0.4379964226044228,4.871340000000001
ST,2022,0.91,0.4803498126781327,5.032712000000001
ST,2022,0.92,0.48636970666666673,5.240404000000004
ST,2022,0.93,0.4962572684684685,5.6980640000000005
ST,2022,0.9400000000000001,0.5026969655351353,6.512064000000005
ST,2022,0.9500000000000001,0.5299477561690142,7.390920000000003
ST,2022,0.9600000000000001,0.5579045258215989,7.734232000000005
ST,2022,0.97,0.7571085057471266,8.180576000000002
ST,2022,0.98,0.8293520203656558,8.983739999999997
ST,2022,0.99,0.8479409127516769,9.338465999999997
ST,2022,1.0,1.0934,10.326600000000001
ST,2023,0.01,-0.1414100959568733,-0.18834599999999996
ST,2023,0.02,-0.10478558490566038,-0.09005600000000001
ST,2023,0.03,-0.09394309090909088,-0.062377
ST,2023,0.04,-0.07434763636363635,-0.02845199999999999
ST,2023,0.05,-0.057287532467532466,-0.016239999999999997
ST,2023,0.060000000000000005,-0.025825523809523798,-0.01398
ST,2023,0.06999999999999999,0.04063636455186304,0.007697999999999998
ST,2023,0.08,0.048421333333333344,0.028792000000000005
ST,2023,0.09,0.06473349415204677,0.045417999999999986
ST,2023,0.09999999999999999,0.07731248963511005,0.05604999999999999
ST,2023,0.11,0.08696245410667044,0.08061300000000002
ST,2023,0.12,0.10054210650887573,0.09984799999999999
ST,2023,0.13,0.1189876932330827,0.10643200000000004
ST,2023,0.14,0.12101998165538327,0.13023600000000002
ST,2023,0.15000000000000002,0.12340102864000138,0.13485500000000003
ST,2023,0.16,0.130582828569422,0.137488
ST,2023,0.17,0.13236378818973862,0.152008
ST,2023,0.18000000000000002,0.1356744,0.16680000000000006
ST,2023,0.19,0.13833475555555555,0.182907
ST,2023,0.2,0.14495414810240823,0.18621999999999997
ST,2023,0.21000000000000002,0.14786676949448951,0.19654900000000003
ST,2023,0.22,0.14835745774612288,0.23502
ST,2023,0.23,0.14873286948892303,0.259199
ST,2023,0.24000000000000002,0.15083238487972508,0.26164
ST,2023,0.25,0.15283171380227217,0.2637
ST,2023,0.26,0.1600724027934819,0.266
ST,2023,0.27,0.16512495285799106,0.2816140000000002
ST,2023,0.28,0.17137331361193392,0.309288
ST,2023,0.29000000000000004,0.17559623440423708,0.313265
ST,2023,0.3,0.17670910106820054,0.33418000000000003
ST,2023,0.31,0.17796736888866066,0.346097
ST,2023,0.32,0.1811410906183369,0.35502399999999995
ST,2023,0.33,0.18260979316537626,0.3741620000000002
ST,2023,0.34,0.18428210211706103,0.4360140000000003
ST,2023,0.35000000000000003,0.18580883116883118,0.471005
ST,2023,0.36000000000000004,0.18675601292329785,0.5302240000000001
ST,2023,0.37,0.18915742011701592,0.5789549999999999
ST,2023,0.38,0.19084817156186468,0.6099920000000001
ST,2023,0.39,0.1924056468953728,0.6166660000000002
ST,2023,0.4,0.19383900434103557,0.6700600000000004
ST,2023,0.41000000000000003,0.19726339967210033,0.7924300000000001
ST,2023,0.42000000000000004,0.20210533644474957,0.8524520000000001
ST,2023,0.43,0.20466680532290807,0.9623799999999996
ST,2023,0.44,0.2083443062815758,1.187192
ST,2023,0.45,0.21118923333919468,1.2554850000000002
ST,2023,0.46,0.21245980079051388,1.2868560000000004
ST,2023,0.47000000000000003,0.21618588458498023,1.344225
ST,2023,0.48000000000000004,0.21883965824947788,1.3497
ST,2023,0.49,0.22160122361578463,1.357201
ST,2023,0.5,0.22332960266476326,1.39045
ST,2023,0.51,0.22652497339000868,1.4344720000000002
ST,2023,0.52,0.2297471006693512,1.4500520000000001
ST,2023,0.53,0.23097579855951905,1.4833960000000002
ST,2023,0.54,0.2351296088255574,1.5493680000000005
ST,2023,0.55,0.23864732455828908,1.6312250000000001
ST,2023,0.56,0.24027383052552176,1.641424
ST,2023,0.5700000000000001,0.24624859985286626,1.651699
ST,2023,0.5800000000000001,0.2503613801120251,1.6836140000000002
ST,2023,0.59,0.2573072987087518,1.723039
ST,2023,0.6,0.25887780896538676,1.7317200000000001
ST,2023,0.61,0.26347485099504653,1.7393880000000002
ST,2023,0.62,0.265021442889164,1.795408
ST,2023,0.63,0.26894108964013086,1.892657
ST,2023,0.64,0.27569054260429837,1.9686360000000003
ST,2023,0.65,0.28618238942552116,2.1128600000000004
ST,2023,0.66,0.2898283189215847,2.1845240000000006
ST,2023,0.67,0.29133896409254145,2.2015550000000004
ST,2023,0.68,0.294677988188562,2.2450880000000004
ST,2023,0.6900000000000001,0.3057347642967885,2.298424
ST,2023,0.7000000000000001,0.3132387593014515,2.5293300000000007
ST,2023,0.7100000000000001,0.3218657020771408,2.6484400000000003
ST,2023,0.72,0.32368860686195094,2.8174039999999985
ST,2023,0.73,0.3284848392034108,3.0136649999999996
ST,2023,0.74,0.3310930906671302,3.053846
ST,2023,0.75,0.3361048017060324,3.0940250000000002
ST,2023,0.76,0.3501780658446465,3.140152
ST,2023,0.77,0.35551125503112446,3.2176050000000007
ST,2023,0.78,0.3602945590062112,3.258712
ST,2023,0.79,0.3633186780839339,3.307953000000001
ST,2023,0.8,0.36723325680472346,3.4291000000000014
ST,2023,0.81,0.3706580564433867,3.5926600000000035
ST,2023,0.8200000000000001,0.3756643267266013,3.8719120000000005
ST,2023,0.8300000000000001,0.3798269353209251,3.965201
ST,2023,0.8400000000000001,0.3858082799486228,4.208864000000002
ST,2023,0.85,0.39020250527797323,4.559304999999999
ST,2023,0.86,0.39966028141740406,4.65375
ST,2023,0.87,0.40478886075949366,5.001002
ST,2023,0.88,0.40647313792102185,5.530052
ST,2023,0.89,0.42006940609444554,5.685148000000001
ST,2023,0.9,0.4380383255813954,5.995800000000001
ST,2023,0.91,0.4419964528816397,6.090107000000001
ST,2023,0.92,0.4465089540162322,6.248936000000002
ST,2023,0.93,0.4578436085376332,6.359014
ST,2023,0.9400000000000001,0.4800594083740527,6.42895
ST,2023,0.9500000000000001,0.5336497582417583,6.706265000000002
ST,2023,0.9600000000000001,0.5552053435638566,7.063116
ST,2023,0.97,0.5623752232977531,7.5174499999999975
ST,2023,0.98,0.6113094437355774,8.076595999999997
ST,2023,0.99,0.6632176301886792,8.982574999999999
ST,2023,1.0,1.0368,11.858799999999999
ST,2024,0.01,-0.24603105882352944,-0.052192
ST,2024,0.02,-0.06870091614518148,-0.025896
ST,2024,0.03,0.013706943133462294,0.0033399999999999975
ST,2024,0.04,0.023970742857142853,0.021244000000000002
ST,2024,0.05,0.04119466666666667,0.02266000000000001
ST,2024,0.060000000000000005,0.056149333333333315,0.034556000000000024
ST,2024,0.06999999999999999,0.06583605581395348,0.05180399999999999
ST,2024,0.08,0.08060960501567399,0.06246399999999999
ST,2024,0.09,0.08662947500412473,0.06873599999999999
ST,2024,0.09999999999999999,0.0980816842105263,0.07463999999999998
ST,2024,0.11,0.10374962763326225,0.08513599999999999
ST,2024,0.12,0.11127118917293233,0.08954
ST,2024,0.13,0.11459224060150376,0.094532
ST,2024,0.14,0.1210502271062271,0.097076
ST,2024,0.15000000000000002,0.12334021966000662,0.09876
ST,2024,0.16,0.1285569497966388,0.100632
ST,2024,0.17,0.13054754101476326,0.10855600000000001
ST,2024,0.18000000000000002,0.1335886734141126,0.13305200000000011
ST,2024,0.19,0.1373253418764302,0.18025200000000002
ST,2024,0.2,0.13896175543643458,0.22126000000000004
ST,2024,0.21000000000000002,0.14076161404437762,0.2631880000000001
ST,2024,0.22,0.1421632315270936,0.274612
ST,2024,0.23,0.14485147826086955,0.33734000000000014
ST,2024,0.24000000000000002,0.14888044268774706,0.4098600000000001
ST,2024,0.25,0.15446493506493505,0.43229999999999996
ST,2024,0.26,0.1653659045194975,0.45697600000000005
ST,2024,0.27,0.16926152311298642,0.52068
ST,2024,0.28,0.173190607240775,0.5371280000000002
ST,2024,0.29000000000000004,0.17704156588299622,0.5545440000000004
ST,2024,0.3,0.18247781637717123,0.6404
ST,2024,0.31,0.19567707978977544,0.6631520000000001
ST,2024,0.32,0.19937751406649615,0.700496
ST,2024,0.33,0.20575040402745481,0.735572
ST,2024,0.34,0.21420682284198883,0.7581080000000001
ST,2024,0.35000000000000003,0.21552070199368026,0.7983000000000001
ST,2024,0.36000000000000004,0.21618157345971561,0.85658
ST,2024,0.37,0.21759129909365557,0.86638
ST,2024,0.38,0.22274829371152424,0.925324
ST,2024,0.39,0.22742629099390027,0.986124
ST,2024,0.4,0.23393271721393033,1.2103000000000004
ST,2024,0.41000000000000003,0.2353228458932332,1.2874360000000002
ST,2024,0.42000000000000004,0.23866763190184054,1.319164
ST,2024,0.43,0.2420485058163363,1.3454439999999999
ST,2024,0.44,0.24578158496572758,1.4485480000000002
ST,2024,0.45,0.24786694900046655,1.5143199999999999
ST,2024,0.46,0.24925936261739823,1.5871040000000003
ST,2024,0.47000000000000003,0.2600664627877696,1.601452
ST,2024,0.48000000000000004,0.26418448780072057,1.6496320000000002
ST,2024,0.49,0.2666518706117663,1.8383199999999995
ST,2024,0.5,0.26799252336448603,1.9224999999999999
ST,2024,0.51,0.27004086208549394,1.95782
ST,2024,0.52,0.27114384060678703,2.018196
ST,2024,0.53,0.2745118824186216,2.0926
ST,2024,0.54,0.2794746777054997,2.1201520000000005
ST,2024,0.55,0.2833315334745306,2.2374400000000003
ST,2024,0.56,0.286303374247181,2.3349760000000006
ST,2024,0.5700000000000001,0.288020001406936,2.370496
ST,2024,0.5800000000000001,0.28957976300279187,2.3961960000000007
ST,2024,0.59,0.2923154713450292,2.4806519999999996
ST,2024,0.6,0.29667963325563323,2.5897399999999995
ST,2024,0.61,0.2976318246078246,2.638152
ST,2024,0.62,0.29837518691405485,2.732008
ST,2024,0.63,0.3003323205327414,2.76964
ST,2024,0.64,0.30304435956304665,2.79622
ST,2024,0.65,0.3073863860331714,2.91948
ST,2024,0.66,0.3082122540326492,3.007032
ST,2024,0.67,0.30848944710369375,3.0185280000000003
ST,2024,0.68,0.3158948449083367,3.0239
ST,2024,0.6900000000000001,0.31759762351985504,3.078172000000001
ST,2024,0.7000000000000001,0.3185737573990197,3.1645800000000004
ST,2024,0.7100000000000001,0.3234807356707622,3.198364
ST,2024,0.72,0.3280908355126645,3.219264
ST,2024,0.73,0.33000531757540796,3.322428
ST,2024,0.74,0.3325074545682207,3.483492
ST,2024,0.75,0.33289922480620154,3.5183999999999997
ST,2024,0.76,0.3407903280379616,3.7350200000000005
ST,2024,0.77,0.3430335087674758,4.047292000000001
ST,2024,0.78,0.35081747845584094,4.230840000000001
ST,2024,0.79,0.353655332695696,4.334952
ST,2024,0.8,0.36121357937247595,4.4032800000000005
ST,2024,0.81,0.3633331119160398,4.56514
ST,2024,0.8200000000000001,0.3810788046639357,4.654292
ST,2024,0.8300000000000001,0.3866754403743137,4.720376000000001
ST,2024,0.8400000000000001,0.39414459871272656,4.7982320000000005
ST,2024,0.85,0.4030475537601501,4.90388
ST,2024,0.86,0.4117083539057999,4.963908
ST,2024,0.87,0.412701515930294,5.1739559999999996
ST,2024,0.88,0.41362051541501976,5.326596
ST,2024,0.89,0.4420542606914213,5.36902
ST,2024,0.9,0.4753504017205624,5.40156
ST,2024,0.91,0.5405809361702129,5.507272
ST,2024,0.92,0.5548358297872341,5.833000000000001
ST,2024,0.93,0.5570094545454546,6.367648
ST,2024,0.9400000000000001,0.5716462097902099,6.442432000000001
ST,2024,0.9500000000000001,0.60923997124371,7.058680000000007
ST,2024,0.9600000000000001,0.6311255327102804,7.518000000000002
ST,2024,0.97,0.6752307293430656,7.710412
ST,2024,0.98,0.7046165355578727,8.309871999999999
ST,2024,0.99,0.7429816163265306,9.526023999999998
ST,2024,1.0,0.7684577017114914,11.9883
ST,2025,0.01,-0.10478320496894408,-0.063093
ST,2025,0.02,-0.09900457525083611,-0.034992
ST,2025,0.03,-0.051513999263894,-0.021264
ST,2025,0.04,-0.03882352725886389,-0.014447999999999997
ST,2025,0.05,-0.0032522841530054428,-0.002574999999999988
ST,2025,0.060000000000000005,0.011996225641025645,0.004922000000000002
ST,2025,0.06999999999999999,0.0192808,0.007397999999999999
ST,2025,0.08,0.030556627802690597,0.01659199999999999
ST,2025,0.09,0.05391361488924103,0.026710999999999985
ST,2025,0.09999999999999999,0.06140519517973014,0.03174
ST,2025,0.11,0.06900725602932664,0.041391
ST,2025,0.12,0.07449764605021426,0.045695999999999994
ST,2025,0.13,0.07801544412275621,0.05403300000000003
ST,2025,0.14,0.08751767597765366,0.08634200000000003
ST,2025,0.15000000000000002,0.09737902520875695,0.10428000000000005
ST,2025,0.16,0.1013332840769923,0.11218
ST,2025,0.17,0.1100367307045896,0.13467400000000004
ST,2025,0.18000000000000002,0.12235990469919188,0.15027000000000001
ST,2025,0.19,0.12313692981500911,0.15958599999999998
ST,2025,0.2,0.12527203580799504,0.18012000000000025
ST,2025,0.21000000000000002,0.12816830344539135,0.249805
ST,2025,0.22,0.13376858072266182,0.2689
ST,2025,0.23,0.13889138339920948,0.28067800000000004
ST,2025,0.24000000000000002,0.1438821438735178,0.28648
ST,2025,0.25,0.14957059233449477,0.30025
ST,2025,0.26,0.1517649250767287,0.32037600000000005
ST,2025,0.27,0.15420409655172415,0.327512
ST,2025,0.28,0.1566480979591837,0.35793600000000025
ST,2025,0.29000000000000004,0.1576850132052821,0.37594
ST,2025,0.3,0.163285172568355,0.37997999999999993
ST,2025,0.31,0.16889722477665278,0.39570799999999995
ST,2025,0.32,0.17025469600417126,0.414628
ST,2025,0.33,0.17369935344138743,0.424043
ST,2025,0.34,0.1796137367101549,0.43638000000000016
ST,2025,0.35000000000000003,0.18366577139674484,0.44777
ST,2025,0.36000000000000004,0.19311104619822791,0.5044400000000001
ST,2025,0.37,0.1999627002154244,0.532853
ST,2025,0.38,0.20575142509135202,0.5926880000000002
ST,2025,0.39,0.20821238012169324,0.6236039999999999
ST,2025,0.4,0.20930226088554055,0.6508600000000001
ST,2025,0.41000000000000003,0.21587895231092663,0.695779
ST,2025,0.42000000000000004,0.2196899297586356,0.7232120000000007
ST,2025,0.43,0.2230889411764706,0.9816719999999998
ST,2025,0.44,0.22750902704209647,1.06296
ST,2025,0.45,0.2298873230483638,1.08205
ST,2025,0.46,0.23347770031371806,1.1607140000000002
ST,2025,0.47000000000000003,0.2353728505219567,1.2265700000000002
ST,2025,0.48000000000000004,0.23756231563317562,1.4805080000000006
ST,2025,0.49,0.24203250736304732,1.5524820000000001
ST,2025,0.5,0.24386272733023506,1.6188
ST,2025,0.51,0.24487299878125457,1.632144
ST,2025,0.52,0.24603600901609768,1.6808240000000003
ST,2025,0.53,0.24939543286560387,1.7151620000000003
ST,2025,0.54,0.25162073652030775,1.8399460000000014
ST,2025,0.55,0.25355224536765225,1.9533950000000007
ST,2025,0.56,0.25628576034802636,2.0126960000000005
ST,2025,0.5700000000000001,0.25770860966837156,2.099694
ST,2025,0.5800000000000001,0.2611002057779662,2.1487920000000003
ST,2025,0.59,0.26200802408832385,2.1711509999999996
ST,2025,0.6,0.26980208832141495,2.2580599999999995
ST,2025,0.61,0.2754178576294235,2.322645
ST,2025,0.62,0.2778813735120644,2.343174
ST,2025,0.63,0.28197236261306535,2.394616
ST,2025,0.64,0.2844185728643216,2.5195160000000003
ST,2025,0.65,0.2873045875075413,2.5576650000000005
ST,2025,0.66,0.2987730009855032,2.6309880000000003
ST,2025,0.67,0.30730731312392634,2.674043
ST,2025,0.68,0.31489102937025704,2.7548719999999998
ST,2025,0.6900000000000001,0.3269425435105435,2.792929
ST,2025,0.7000000000000001,0.3384686171923445,2.79395
ST,2025,0.7100000000000001,0.34146566153397073,2.806041
ST,2025,0.72,0.34737417121324277,2.9029679999999987
ST,2025,0.73,0.34939332472744644,3.1579709999999994
ST,2025,0.74,0.35108789056252676,3.507421999999999
ST,2025,0.75,0.35941636017755224,3.5832999999999995
ST,2025,0.76,0.3617906743633277,3.715976
ST,2025,0.77,0.3654937265826864,3.803982000000001
ST,2025,0.78,0.3744041142857143,3.9020440000000023
ST,2025,0.79,0.37658576051779935,4.199173
ST,2025,0.8,0.37779076885967555,4.2525
ST,2025,0.81,0.3856825626890757,4.269627
ST,2025,0.8200000000000001,0.3905382608920491,4.29221
ST,2025,0.8300000000000001,0.39367198263587433,4.466525000000001
ST,2025,0.8400000000000001,0.3981693746196365,4.551344
ST,2025,0.85,0.40609344887162646,4.623299999999999
ST,2025,0.86,0.4174171031852554,4.988655999999999
ST,2025,0.87,0.4202538152875189,5.209406
ST,2025,0.88,0.4327442722925457,5.4880640000000005
ST,2025,0.89,0.4343240331008833,5.575456
ST,2025,0.9,0.43634264684805474,5.812230000000001
ST,2025,0.91,0.4427664636656738,6.032430000000003
ST,2025,0.92,0.4700361094981731,6.419892000000001
ST,2025,0.93,0.5129286898446286,6.637017000000002
ST,2025,0.9400000000000001,0.5286101879297174,6.736016
ST,2025,0.9500000000000001,0.5565554887218045,7.205590000000001
ST,2025,0.9600000000000001,0.5792309530583216,7.581572000000001
ST,2025,0.97,0.6058655999999993,7.960333999999999
ST,2025,0.98,0.7070838857142856,8.526271999999995
ST,2025,0.99,0.7205121702127659,9.275234
ST,2025,1.0,1.2087272727272727,9.6553
ST,2026,0.01,-0.09434282926829267,-0.08970000000000002
ST,2026,0.02,-0.05442263414634147,-0.036539999999999996
ST,2026,0.03,-0.04715657142857143,-0.016980000000000002
ST,2026,0.04,-0.03738514285714286,-0.012459999999999995
ST,2026,0.05,-0.02402493506493506,-0.006749999999999999
ST,2026,0.060000000000000005,-0.006931948051948041,-0.0012799999999999982
ST,2026,0.06999999999999999,0.003939310344827583,0.0011899999999999988
ST,2026,0.08,0.00862896551724139,0.007140000000000011
ST,2026,0.09,0.01268444788841534,0.02263
ST,2026,0.09999999999999999,0.01844705882352939,0.028099999999999993
ST,2026,0.11,0.031193677446990795,0.057900000000000014
ST,2026,0.12,0.041672596387520515,0.06147999999999996
ST,2026,0.13,0.04712270070921986,0.07625000000000001
ST,2026,0.14,0.05020248427943838,0.09478000000000004
ST,2026,0.15000000000000002,0.05414491134999304,0.1091
ST,2026,0.16,0.07646204794579198,0.12384000000000003
ST,2026,0.17,0.1065054724380403,0.13712
ST,2026,0.18000000000000002,0.11383872793289096,0.15008000000000005
ST,2026,0.19,0.11988559896821178,0.20428999999999992
ST,2026,0.2,0.12282116991643453,0.2509
ST,2026,0.21000000000000002,0.1357249059618038,0.274
ST,2026,0.22,0.1421965034477955,0.29896
ST,2026,0.23,0.14688996960486322,0.31096
ST,2026,0.24000000000000002,0.15192851063829788,0.32816
ST,2026,0.25,0.15783414634146342,0.3687
ST,2026,0.26,0.16236731707317073,0.4299400000000001
ST,2026,0.27,0.16686687626774846,0.44974000000000003
ST,2026,0.28,0.1688028743212145,0.45350000000000007
ST,2026,0.29000000000000004,0.16988052035696846,0.45879
ST,2026,0.3,0.18395912408759124,0.465
ST,2026,0.31,0.19668563888991267,0.46754000000000007
ST,2026,0.32,0.20156677740863785,0.47218000000000004
ST,2026,0.33,0.20242776470588236,0.5033700000000003
ST,2026,0.34,0.20761326526082138,0.5706400000000003
ST,2026,0.35000000000000003,0.21316176835146675,0.5995
ST,2026,0.36000000000000004,0.21638904384291593,0.6164800000000001
ST,2026,0.37,0.21857090472762178,0.6374700000000001
ST,2026,0.38,0.21946366522366523,0.6689399999999999
ST,2026,0.39,0.22235220611104106,0.6792
ST,2026,0.4,0.22378229508196718,0.7058
ST,2026,0.41000000000000003,0.22747509101622465,0.71599
ST,2026,0.42000000000000004,0.2294737364685438,0.72328
ST,2026,0.43,0.23364464705069762,0.7380099999999999
ST,2026,0.44,0.23402849449204405,0.76622
ST,2026,0.45,0.235082243502052,0.77875
ST,2026,0.46,0.23799427172290238,0.79044
ST,2026,0.47000000000000003,0.24018367488620587,0.8413300000000001
ST,2026,0.48000000000000004,0.24077356577177864,0.87114
ST,2026,0.49,0.24257197860962562,0.9104899999999999
ST,2026,0.5,0.24393600000000001,1.0107
ST,2026,0.51,0.2462446158445441,1.0356
ST,2026,0.52,0.25491311723254323,1.13158
ST,2026,0.53,0.26440031723143487,1.17722
ST,2026,0.54,0.2697446344628695,1.1900600000000001
ST,2026,0.55,0.2698168720379147,1.2355000000000005
ST,2026,0.56,0.27166330044723325,1.2799200000000004
ST,2026,0.5700000000000001,0.2744552797868291,1.29264
ST,2026,0.5800000000000001,0.27807631323631327,1.369800000000001
ST,2026,0.59,0.279137799834574,1.603019999999998
ST,2026,0.6,0.28049454545454544,1.7041
ST,2026,0.61,0.2823053881979734,1.930009999999999
ST,2026,0.62,0.28466740194174756,2.10116
ST,2026,0.63,0.2855755473806752,2.1377899999999994
ST,2026,0.64,0.2860667820454948,2.2174199999999997
ST,2026,0.65,0.2892172619241716,2.25795
ST,2026,0.66,0.29335333858172347,2.375280000000001
ST,2026,0.67,0.295934693877551,2.4489900000000002
ST,2026,0.68,0.3009035311739375,2.4577
ST,2026,0.6900000000000001,0.30380279931940796,2.48273
ST,2026,0.7000000000000001,0.3052119402985074,2.5568000000000004
ST,2026,0.7100000000000001,0.3081573252380756,2.5930700000000013
ST,2026,0.72,0.3205984779405391,2.7356000000000003
ST,2026,0.73,0.3273156593609934,2.79392
ST,2026,0.74,0.3371113527404136,2.82512
ST,2026,0.75,0.34518573529411767,2.83565
ST,2026,0.76,0.3542797627118644,2.87348
ST,2026,0.77,0.35885789990567923,2.92582
ST,2026,0.78,0.3628516804255235,2.9546799999999998
ST,2026,0.79,0.37113544565443585,2.9650600000000003
ST,2026,0.8,0.3769289183222958,3.0476
ST,2026,0.81,0.3799852122011329,3.183020000000001
ST,2026,0.8200000000000001,0.38860398916827854,3.2946
ST,2026,0.8300000000000001,0.4057389778987482,3.3219100000000004
ST,2026,0.8400000000000001,0.422366523801559,3.35962
ST,2026,0.85,0.43986790836176265,3.39565
ST,2026,0.86,0.45385364820070984,3.640839999999997
ST,2026,0.87,0.4581309681089848,3.80777
ST,2026,0.88,0.45988303999779695,3.87966
ST,2026,0.89,0.4700190655858512,3.985300000000001
ST,2026,0.9,0.47614419753086423,4.0562000000000005
ST,2026,0.91,0.48719984000000016,4.09346
ST,2026,0.92,0.502820253164557,4.109579999999999
ST,2026,0.93,0.5116911506673892,4.16794
ST,2026,0.9400000000000001,0.5364594454390372,4.543660000000005
ST,2026,0.9500000000000001,0.5594175667434736,5.100550000000001
ST,2026,0.9600000000000001,0.6191385354673128,5.258740000000001
ST,2026,0.97,0.6848388991643455,5.722650000000002
ST,2026,0.98,0.7559414857142854,5.998640000000001
ST,2026,0.99,0.8843144810126589,6.901540000000006
ST,2026,1.0,0.9121777777777778,7.8971
FB,2022,0.01,-0.2589611789473684,-0.21104699999999998
FB,2022,0.02,-0.09192335306427502,-0.11106999999999999
FB,2022,0.03,-0.043175990775144155,-0.09398500000000001
FB,2022,0.04,-0.028909582733812948,-0.04473999999999998
FB,2022,0.05,0.0025712000000000027,0.0030400000000000028
FB,2022,0.060000000000000005,0.012181233740053046,0.0155
FB,2022,0.06999999999999999,0.01626603574468085,0.02038399999999999
FB,2022,0.08,0.017962173602954098,0.028576000000000004
FB,2022,0.09,0.023345858300569684,0.032737
FB,2022,0.09999999999999999,0.026053007112375532,0.03432999999999999
FB,2022,0.11,0.02970832432432433,0.03887999999999999
FB,2022,0.12,0.03227933226175286,0.041676
FB,2022,0.13,0.03726928674660525,0.04293099999999999
FB,2022,0.14,0.04459896679281487,0.049978
FB,2022,0.15000000000000002,0.050401962047421346,0.06343000000000003
FB,2022,0.16,0.055578594954857216,0.076956
FB,2022,0.17,0.05926350534028528,0.08063800000000003
FB,2022,0.18000000000000002,0.06062887611593495,0.086942
FB,2022,0.19,0.06138662322390984,0.09266699999999996
FB,2022,0.2,0.0641839467849224,0.09467999999999999
FB,2022,0.21000000000000002,0.06735582034024686,0.10950800000000005
FB,2022,0.22,0.06798692483774256,0.12368400000000003
FB,2022,0.23,0.07102150130677164,0.14556000000000002
FB,2022,0.24000000000000002,0.07423221282996736,0.16445600000000002
FB,2022,0.25,0.07846855289421156,0.1829
FB,2022,0.26,0.08163715303983228,0.20601799999999992
FB,2022,0.27,0.08288704176383294,0.22175400000000003
FB,2022,0.28,0.08344228001399319,0.24245600000000003
FB,2022,0.29000000000000004,0.0853457150005057,0.2650660000000002
FB,2022,0.3,0.09507243666664773,0.28016
FB,2022,0.31,0.09844054468085105,0.314905
FB,2022,0.32,0.101895,0.32404000000000005
FB,2022,0.33,0.10322595,0.341115
FB,2022,0.34,0.10394092406847935,0.35127600000000003
FB,2022,0.35000000000000003,0.10488925944751255,0.353495
FB,2022,0.36000000000000004,0.10604862669187146,0.355768
FB,2022,0.37,0.1094719488943489,0.36340500000000003
FB,2022,0.38,0.10996524483084484,0.3874679999999999
FB,2022,0.39,0.1103848,0.406468
FB,2022,0.4,0.11100995361457458,0.43444000000000005
FB,2022,0.41000000000000003,0.11469700748699009,0.448277
FB,2022,0.42000000000000004,0.1159336715176715,0.4559240000000001
FB,2022,0.43,0.11613911234911792,0.49875499999999984
FB,2022,0.44,0.11634883950617284,0.559204
FB,2022,0.45,0.12136164242236668,0.5630400000000001
FB,2022,0.46,0.12328983440073893,0.574558
FB,2022,0.47000000000000003,0.12386040741299607,0.6052610000000002
FB,2022,0.48000000000000004,0.12515296813814222,0.6352000000000001
FB,2022,0.49,0.125862766193927,0.677737
FB,2022,0.5,0.128245068957276,0.7104
FB,2022,0.51,0.12996975000668048,0.734514
FB,2022,0.52,0.13004716073435746,0.7895799999999997
FB,2022,0.53,0.13022206993006993,0.8816020000000004
FB,2022,0.54,0.13412345527788924,0.9100340000000001
FB,2022,0.55,0.1353261885693484,0.9135350000000001
FB,2022,0.56,0.1391399793885263,0.933312
FB,2022,0.5700000000000001,0.14396639022948882,1.0192200000000002
FB,2022,0.5800000000000001,0.14655196135265702,1.0469280000000007
FB,2022,0.59,0.1469630394265233,1.09936
FB,2022,0.6,0.14802689303904926,1.1506199999999998
FB,2022,0.61,0.15139118225043288,1.229485
FB,2022,0.62,0.15492148137604747,1.260368
FB,2022,0.63,0.15638967273976415,1.288269
FB,2022,0.64,0.15822359893673965,1.3010160000000002
FB,2022,0.65,0.15940791415078012,1.30368
FB,2022,0.66,0.160261658254207,1.314438
FB,2022,0.67,0.16181060030151,1.354274
FB,2022,0.68,0.1692568125197159,1.3945480000000003
FB,2022,0.6900000000000001,0.17149581473684214,1.422534
FB,2022,0.7000000000000001,0.17252351400312338,1.44677
FB,2022,0.7100000000000001,0.1745711840723982,1.4731910000000004
FB,2022,0.72,0.17660698093418994,1.5376199999999995
FB,2022,0.73,0.18484837475748342,1.5644000000000002
FB,2022,0.74,0.18712800563081655,1.59891
FB,2022,0.75,0.18813866849908817,1.752575
FB,2022,0.76,0.190075776131312,1.803428
FB,2022,0.77,0.19555588844389427,1.845874
FB,2022,0.78,0.20105340471420752,1.942638000000001
FB,2022,0.79,0.20730449619106864,2.0374710000000005
FB,2022,0.8,0.20910480286256658,2.219160000000001
FB,2022,0.81,0.2133536936073135,2.32712
FB,2022,0.8200000000000001,0.21448227772971826,2.3446120000000006
FB,2022,0.8300000000000001,0.21602851862148426,2.5122440000000004
FB,2022,0.8400000000000001,0.21644117834795235,2.5418400000000005
FB,2022,0.85,0.21941588758782196,2.69413
FB,2022,0.86,0.22312835492620223,2.776096
FB,2022,0.87,0.23373983828264752,2.9162189999999995
FB,2022,0.88,0.23716333829492778,2.9773920000000005
FB,2022,0.89,0.24132821241888433,3.03372
FB,2022,0.9,0.251990303030303,3.1201700000000003
FB,2022,0.91,0.2566426861596949,3.206823
FB,2022,0.92,0.2668261598111263,3.2574520000000002
FB,2022,0.93,0.27654577143125564,3.349094000000001
FB,2022,0.9400000000000001,0.2859951046847889,3.520676000000003
FB,2022,0.9500000000000001,0.29557663996055733,3.8243150000000004
FB,2022,0.9600000000000001,0.3228433997477933,4.037984000000002
FB,2022,0.97,0.36622244769946577,4.24528
FB,2022,0.98,0.41939240530759997,4.477986000000001
FB,2022,0.99,0.5224553424657532,5.091036999999996
FB,2022,1.0,0.8932897959183673,6.0456
FB,2023,0.01,-0.3300224,-0.260304
FB,2023,0.02,-0.17756367567567566,-0.058932
FB,2023,0.03,-0.10362965980498376,-0.051544
FB,2023,0.04,-0.052585411764705874,-0.041848
FB,2023,0.05,-0.03867137381916329,-0.041339999999999995
FB,2023,0.060000000000000005,-0.02558321311475408,-0.03236799999999999
FB,2023,0.06999999999999999,-0.016827065676756143,-0.017964000000000004
FB,2023,0.08,-0.01093700404858299,-0.008511999999999992
FB,2023,0.09,-0.005765470085470089,-0.0009560000000000011
FB,2023,0.09999999999999999,0.014490577279999977,0.0013408814399999975
FB,2023,0.11,0.026594576954636025,0.021859999999999994
FB,2023,0.12,0.03181188604316547,0.029875999999999996
FB,2023,0.13,0.03836930553410553,0.040584
FB,2023,0.14,0.04033669565217392,0.047992000000000076
FB,2023,0.15000000000000002,0.04444178885245905,0.06342
FB,2023,0.16,0.05572891295528706,0.08457200000000001
FB,2023,0.17,0.05733425372420173,0.093076
FB,2023,0.18000000000000002,0.05833564244159203,0.10210800000000005
FB,2023,0.19,0.06416834930777422,0.110956
FB,2023,0.2,0.06762833376215409,0.12574
FB,2023,0.21000000000000002,0.06952200946287755,0.14225200000000005
FB,2023,0.22,0.07056904527114696,0.17632
FB,2023,0.23,0.07366254883662415,0.17992800000000003
FB,2023,0.24000000000000002,0.07774638593014616,0.21275600000000003
FB,2023,0.25,0.0824544502617801,0.2209
FB,2023,0.26,0.08348110453920221,0.23744
FB,2023,0.27,0.08634177043396296,0.25354000000000004
FB,2023,0.28,0.08871288418189142,0.2665440000000001
FB,2023,0.29000000000000004,0.09022748513227641,0.272208
FB,2023,0.3,0.09088073199680614,0.28492
FB,2023,0.31,0.09544019475201172,0.292932
FB,2023,0.32,0.09626969302325582,0.31014800000000003
FB,2023,0.33,0.09974217359683796,0.33285600000000004
FB,2023,0.34,0.10361595173379329,0.343416
FB,2023,0.35000000000000003,0.10433586468830709,0.3638600000000002
FB,2023,0.36000000000000004,0.10531436148699634,0.37146
FB,2023,0.37,0.10671916194076551,0.37950400000000006
FB,2023,0.38,0.10762495352218489,0.39641599999999994
FB,2023,0.39,0.11065893421926914,0.425724
FB,2023,0.4,0.11562154294666575,0.44116000000000005
FB,2023,0.41000000000000003,0.11707244493230884,0.4600640000000001
FB,2023,0.42000000000000004,0.12022217224970422,0.466744
FB,2023,0.43,0.12081187278379393,0.5283280000000001
FB,2023,0.44,0.12359113248919086,0.5436519999999999
FB,2023,0.45,0.12614017311561315,0.5770000000000003
FB,2023,0.46,0.12667265416065415,0.617417079328
FB,2023,0.47000000000000003,0.12759247969052223,0.642784
FB,2023,0.48000000000000004,0.12882327843795868,0.6755800000000007
FB,2023,0.49,0.13025299696797038,0.7659240000000002
FB,2023,0.5,0.13611828793774317,0.8137
FB,2023,0.51,0.14233371428571429,0.833472
FB,2023,0.52,0.14427954599666792,0.8527840000000001
FB,2023,0.53,0.14591390029529405,0.896096
FB,2023,0.54,0.14708213188974023,0.910444
FB,2023,0.55,0.15411968715083804,0.93438
FB,2023,0.56,0.15885647909940673,0.9576000000000001
FB,2023,0.5700000000000001,0.1621816993097998,0.9707760000000002
FB,2023,0.5800000000000001,0.16398202590453026,0.9904040000000002
FB,2023,0.59,0.1644104186327268,1.0275079999999996
FB,2023,0.6,0.16701391737318483,1.1094399999999998
FB,2023,0.61,0.16788132578711892,1.1664799999999997
FB,2023,0.62,0.1690008409174537,1.192188
FB,2023,0.63,0.16987605997693195,1.2970519999999996
FB,2023,0.64,0.17159488598130845,1.3988960000000006
FB,2023,0.65,0.17333744740532958,1.45844
FB,2023,0.66,0.17369219178015527,1.476924000000001
FB,2023,0.67,0.17415991264668493,1.5618400000000001
FB,2023,0.68,0.17545679987579565,1.587056
FB,2023,0.6900000000000001,0.17598623074691339,1.64238
FB,2023,0.7000000000000001,0.17706215653626498,1.65638
FB,2023,0.7100000000000001,0.17888987347391785,1.7586480000000004
FB,2023,0.72,0.1821398925511834,1.8258719999999986
FB,2023,0.73,0.1844757511430732,1.905528
FB,2023,0.74,0.1899393767587285,1.931068
FB,2023,0.75,0.19381621621621622,1.9813
FB,2023,0.76,0.19581116334433982,2.022652
FB,2023,0.77,0.198992181510376,2.1123559999999992
FB,2023,0.78,0.20345202170818513,2.168868000000001
FB,2023,0.79,0.2062069730759203,2.23022
FB,2023,0.8,0.20870413330708093,2.373620000000001
FB,2023,0.81,0.21034104508925625,2.515044
FB,2023,0.8200000000000001,0.21171225564003524,2.545836
FB,2023,0.8300000000000001,0.2179316036245878,2.644656000000001
FB,2023,0.8400000000000001,0.21827330245507945,2.7244480000000006
FB,2023,0.85,0.2205097856119485,2.8061999999999996
FB,2023,0.86,0.23139728813559324,3.023444000000002
FB,2023,0.87,0.2344517168288247,3.2213160000000003
FB,2023,0.88,0.24001764582492938,3.2931519999999996
FB,2023,0.89,0.2539749117286017,3.365071999999999
FB,2023,0.9,0.2587113591359136,3.450460000000001
FB,2023,0.91,0.25990404381951937,3.5770760000000004
FB,2023,0.92,0.26826725698231296,3.607008
FB,2023,0.93,0.2732560145898291,3.691812
FB,2023,0.9400000000000001,0.28097409814612867,3.822552
FB,2023,0.9500000000000001,0.29696066739346855,3.9568000000000008
FB,2023,0.9600000000000001,0.3224909803921569,4.424324000000013
FB,2023,0.97,0.33403108796622094,4.913663999999998
FB,2023,0.98,0.39744598441558443,5.180676000000002
FB,2023,0.99,0.4765288421052642,5.625488
FB,2023,1.0,1.0415999999999999,6.272
FB,2024,0.01,-0.28886204081632655,-0.249308
FB,2024,0.02,-0.1578183529411765,-0.11143600000000001
FB,2024,0.03,-0.07971598628571429,-0.08574
FB,2024,0.04,-0.03801081518987343,-0.016920000000000004
FB,2024,0.05,-0.004828510684931498,-0.0046399999999999966
FB,2024,0.060000000000000005,0.002654282926829275,0.005200000000000014
FB,2024,0.06999999999999999,0.030008878107944205,0.012263999999999994
FB,2024,0.08,0.040487108149291934,0.019211999999999996
FB,2024,0.09,0.045608041531299194,0.026360000000000005
FB,2024,0.09999999999999999,0.05299580361757106,0.030939999999999995
FB,2024,0.11,0.05386437446808511,0.034944
FB,2024,0.12,0.056534631458094134,0.04155999999999999
FB,2024,0.13,0.06608675534991323,0.054520000000000006
FB,2024,0.14,0.06903840834732998,0.059036000000000005
FB,2024,0.15000000000000002,0.07319853951398816,0.07062000000000004
FB,2024,0.16,0.07442327272727273,0.082784
FB,2024,0.17,0.07676378181818183,0.088696
FB,2024,0.18000000000000002,0.07926756943669827,0.098748
FB,2024,0.19,0.079635813192104,0.11916800000000001
FB,2024,0.2,0.08076732652494754,0.12760000000000005
FB,2024,0.21000000000000002,0.08284406847697758,0.14064400000000016
FB,2024,0.22,0.08472340896091517,0.18560000000000001
FB,2024,0.23,0.08614256427955135,0.199336
FB,2024,0.24000000000000002,0.09003928193505528,0.2077560000000001
FB,2024,0.25,0.0904741463414634,0.2621
FB,2024,0.26,0.09227267316714331,0.293908
FB,2024,0.27,0.09387239639181806,0.3145760000000001
FB,2024,0.28,0.09452642778326269,0.3307920000000001
FB,2024,0.29000000000000004,0.09618210680832692,0.35527600000000004
FB,2024,0.3,0.09814160237194292,0.3819599999999999
FB,2024,0.31,0.10183899498369335,0.41067599999999993
FB,2024,0.32,0.1035496458268625,0.44722799999999985
FB,2024,0.33,0.1057218919545309,0.494984
FB,2024,0.34,0.10802577439298465,0.5048360000000001
FB,2024,0.35000000000000003,0.10931350754508648,0.5180600000000001
FB,2024,0.36000000000000004,0.10943846078913454,0.5383240000000002
FB,2024,0.37,0.11048924963555715,0.5758124428159999
FB,2024,0.38,0.11117909025441121,0.6085400000000001
FB,2024,0.39,0.11224156223602486,0.611588
FB,2024,0.4,0.11351051350261993,0.6260200000000002
FB,2024,0.41000000000000003,0.11874140061987236,0.672944
FB,2024,0.42000000000000004,0.12148614527363186,0.7145520000000009
FB,2024,0.43,0.12230304715136515,0.7438319999999999
FB,2024,0.44,0.12310361916784048,0.7847160000000002
FB,2024,0.45,0.12597811314691332,0.8263000000000001
FB,2024,0.46,0.12890525186257312,0.8474200000000001
FB,2024,0.47000000000000003,0.13064819900340935,0.855504
FB,2024,0.48000000000000004,0.131489904740533,0.858584
FB,2024,0.49,0.1338924486074725,0.894892
FB,2024,0.5,0.1343936,0.9231000000000001
FB,2024,0.51,0.13465430179001764,0.939432
FB,2024,0.52,0.1359729208888889,1.05524
FB,2024,0.53,0.1366966153846154,1.0907760000000002
FB,2024,0.54,0.1375094541871921,1.1280519999999998
FB,2024,0.55,0.14094142953864014,1.1423
FB,2024,0.56,0.1424431652591853,1.1568200000000002
FB,2024,0.5700000000000001,0.14371919870967745,1.1732680000000002
FB,2024,0.5800000000000001,0.14535432347739755,1.2151680000000005
FB,2024,0.59,0.14825823608830507,1.25762
FB,2024,0.6,0.14894833797462018,1.2801200000000001
FB,2024,0.61,0.1501649799429567,1.3028400000000002
FB,2024,0.62,0.15241273665083363,1.3517079999999995
FB,2024,0.63,0.1555553551108864,1.408636
FB,2024,0.64,0.15957673731202657,1.44318
FB,2024,0.65,0.1616501284469595,1.4466599999999998
FB,2024,0.66,0.1626543205525526,1.4925639999999998
FB,2024,0.67,0.1655349677419355,1.5944600000000007
FB,2024,0.68,0.16659740683747948,1.643952
FB,2024,0.6900000000000001,0.16925977114052176,1.6854200000000001
FB,2024,0.7000000000000001,0.1702329699596633,1.7021000000000002
FB,2024,0.7100000000000001,0.17317269035445765,1.7062320000000002
FB,2024,0.72,0.17840432696497818,1.8102320000000007
FB,2024,0.73,0.18033395084784712,1.9004159999999999
FB,2024,0.74,0.18377743083761874,1.9369159999999996
FB,2024,0.75,0.18801253918495298,1.9958
FB,2024,0.76,0.19041965217391307,2.05205664572
FB,2024,0.77,0.1956426461214063,2.095052
FB,2024,0.78,0.19838638891089105,2.141
FB,2024,0.79,0.20532374678821286,2.182032
FB,2024,0.8,0.207300161972397,2.3873000000000006
FB,2024,0.81,0.20911339459095502,2.5031600000000007
FB,2024,0.8200000000000001,0.21655886443289124,2.616784
FB,2024,0.8300000000000001,0.21784264026977052,2.6699920000000006
FB,2024,0.8400000000000001,0.22205617470621503,2.7730800000000007
FB,2024,0.85,0.2259930270599265,2.79786
FB,2024,0.86,0.2350579889128078,2.8949160000000003
FB,2024,0.87,0.23778092307692308,3.058836
FB,2024,0.88,0.23967235883905016,3.107796
FB,2024,0.89,0.26338748882555874,3.1479719999999998
FB,2024,0.9,0.2752857740970214,3.348920000000001
FB,2024,0.91,0.2764887013372957,3.5828320000000002
FB,2024,0.92,0.27947478821779886,3.9052720000000045
FB,2024,0.93,0.28312520784313727,4.1957640000000005
FB,2024,0.9400000000000001,0.2856097021276596,4.540688000000002
FB,2024,0.9500000000000001,0.2970271746944645,5.0503800000000005
FB,2024,0.9600000000000001,0.3105497058595268,5.3992520000000015
FB,2024,0.97,0.33895200916859425,5.521464000000003
FB,2024,0.98,0.4328062105263158,5.7412
FB,2024,0.99,0.4861946553191481,5.98391599999999
FB,2024,1.0,0.7438702702702702,8.264100000000001
FB,2025,0.01,-0.17364408163265305,-0.21004499999999998
FB,2025,0.02,-0.15225497326203208,-0.12708
FB,2025,0.03,-0.07149206727365928,-0.06711590059
FB,2025,0.04,-0.05948980119272726,-0.036320000000000026
FB,2025,0.05,-0.024485714285714284,-0.014824999999999996
FB,2025,0.060000000000000005,-0.00873630762657551,-0.004369999999999999
FB,2025,0.06999999999999999,-0.002839674550614941,-0.0013449999999999985
FB,2025,0.08,0.0021998976982097237,0.003120000000000003
FB,2025,0.09,0.006883266458531287,0.012394999999999986
FB,2025,0.09999999999999999,0.013481474932181253,0.022600000000000016
FB,2025,0.11,0.024034767567567575,0.02635000000000001
FB,2025,0.12,0.04342799114391144,0.03904
FB,2025,0.13,0.04770289940073951,0.043109999999999996
FB,2025,0.14,0.05218246395368257,0.04717999999999999
FB,2025,0.15000000000000002,0.05495221411786249,0.07327500000000008
FB,2025,0.16,0.05774795816502117,0.08162
FB,2025,0.17,0.058691017369727046,0.08561
FB,2025,0.18000000000000002,0.060118330795724984,0.09161000000000002
FB,2025,0.19,0.0612474742515144,0.10022999999999999
FB,2025,0.2,0.0620144578313253,0.11879999999999999
FB,2025,0.21000000000000002,0.06789779838274934,0.12538
FB,2025,0.22,0.0713035734949718,0.14117000000000002
FB,2025,0.23,0.07392189182099576,0.16197000000000006
FB,2025,0.24000000000000002,0.07562612871202187,0.17018000000000005
FB,2025,0.25,0.07637831689643051,0.17614999999999997
FB,2025,0.26,0.07800897172508736,0.1809
FB,2025,0.27,0.07985058646616541,0.18265500000000004
FB,2025,0.28,0.08212159464700745,0.19438
FB,2025,0.29000000000000004,0.08499146992717793,0.20162500000000005
FB,2025,0.3,0.08649142857142857,0.2187
FB,2025,0.31,0.0870842758109845,0.23896
FB,2025,0.32,0.08825329136811089,0.24654
FB,2025,0.33,0.08923433321728257,0.2858400000000001
FB,2025,0.34,0.0915235921783214,0.3257000000000001
FB,2025,0.35000000000000003,0.09259256756756756,0.33594999999999997
FB,2025,0.36000000000000004,0.09631400589101621,0.35014
FB,2025,0.37,0.09824076170694543,0.35673
FB,2025,0.38,0.0996344192083063,0.37841
FB,2025,0.39,0.10012154385964911,0.3987100000000002
FB,2025,0.4,0.1024,0.42569999999999997
FB,2025,0.41000000000000003,0.106322287353966,0.4625900000000003
FB,2025,0.42000000000000004,0.1092734855307072,0.51056
FB,2025,0.43,0.1120072556919329,0.524365
FB,2025,0.44,0.11325385292269015,0.53142
FB,2025,0.45,0.11430610313526043,0.545525
FB,2025,0.46,0.11462988204456093,0.5772500000000003
FB,2025,0.47000000000000003,0.11574810176125243,0.619055
FB,2025,0.48000000000000004,0.11825584785658613,0.6432000000000001
FB,2025,0.49,0.12039223307684384,0.6811999999999997
FB,2025,0.5,0.12272352717907511,0.748
FB,2025,0.51,0.1251405933048119,0.7817950000000005
FB,2025,0.52,0.12585473647332635,0.8576400000000001
FB,2025,0.53,0.12826966451612906,0.8781500000000001
FB,2025,0.54,0.12987458533241947,0.8872399999999999
FB,2025,0.55,0.13156499862372695,0.9753750000000003
FB,2025,0.56,0.13308707406648557,1.0300200000000002
FB,2025,0.5700000000000001,0.13422206647887325,1.0876600000000003
FB,2025,0.5800000000000001,0.1356832832043219,1.11178
FB,2025,0.59,0.13798373731061517,1.1636049999999998
FB,2025,0.6,0.13901917195076463,1.2179
FB,2025,0.61,0.1443015148051948,1.27432
FB,2025,0.62,0.1493071149034452,1.3348600000000002
FB,2025,0.63,0.15043589237912533,1.4218199999999996
FB,2025,0.64,0.1515443227541689,1.51396
FB,2025,0.65,0.15305822156222157,1.5468
FB,2025,0.66,0.15828866542392495,1.6496400000000007
FB,2025,0.67,0.15923920749708403,1.740675
FB,2025,0.68,0.1610667542706965,1.8094600000000007
FB,2025,0.6900000000000001,0.16494718300532765,1.86989
FB,2025,0.7000000000000001,0.17350299444717163,2.02285
FB,2025,0.7100000000000001,0.17752976998352085,2.0801400000000005
FB,2025,0.72,0.18151297992330248,2.10038
FB,2025,0.73,0.18373210982471702,2.1154099999999993
FB,2025,0.74,0.18438207383940539,2.1666200000000004
FB,2025,0.75,0.18548073913043478,2.236075
FB,2025,0.76,0.18763262857697155,2.24354
FB,2025,0.77,0.18889696969696967,2.2802650000000004
FB,2025,0.78,0.19159851085069626,2.33096
FB,2025,0.79,0.19787372906167655,2.40621
FB,2025,0.8,0.20318350515463915,2.5180000000000002
FB,2025,0.81,0.21724903380772245,2.578415
FB,2025,0.8200000000000001,0.22125782511766165,2.6974900000000024
FB,2025,0.8300000000000001,0.22624095139607034,2.8521950000000014
FB,2025,0.8400000000000001,0.23402414084962045,2.92984
FB,2025,0.85,0.24861546468401488,2.9707
FB,2025,0.86,0.25024671312083024,3.117499999999999
FB,2025,0.87,0.2523297000919963,3.330234999999999
FB,2025,0.88,0.253234609929078,3.4156200000000005
FB,2025,0.89,0.2563128476501148,3.49027
FB,2025,0.9,0.2585862642881547,3.5740499999999997
FB,2025,0.91,0.2610979335162611,3.7046799999999998
FB,2025,0.92,0.264237601676941,3.8240000000000003
FB,2025,0.93,0.28436516421799457,3.8791700000000002
FB,2025,0.9400000000000001,0.2978093768394793,3.9014800000000003
FB,2025,0.9500000000000001,0.2990090495006825,4.475625
FB,2025,0.9600000000000001,0.3432002844980877,4.594700000000002
FB,2025,0.97,0.40252811692379,5.072924999999993
FB,2025,0.98,0.5404114285714277,5.791149999999996
FB,2025,0.99,0.6481200000000005,6.242345000000005
FB,2025,1.0,0.86784,6.9974
FB,2026,0.01,-0.2118203076923077,-0.28347200000000006
FB,2026,0.02,-0.17296103225806453,-0.202956
FB,2026,0.03,-0.15036472195121953,-0.16627999999999998
FB,2026,0.04,-0.10470222601279318,-0.148504
FB,2026,0.05,-0.07408313725490195,-0.06413999999999997
FB,2026,0.060000000000000005,-0.0646708641370869,-0.05179199999999999
FB,2026,0.06999999999999999,-0.05469843478260871,-0.04336
FB,2026,0.08,-0.02803835741639306,-0.039203999999999996
FB,2026,0.09,-0.02493228939323761,-0.02724000000000002
FB,2026,0.09999999999999999,-0.015897638243018583,-0.013960000000000038
FB,2026,0.11,0.015966659031754295,0.009595999999999999
FB,2026,0.12,0.022026186851211074,0.014256
FB,2026,0.13,0.02379350957839131,0.018512000000000004
FB,2026,0.14,0.025894464676159856,0.02166
FB,2026,0.15000000000000002,0.029250447444687924,0.023580000000000018
FB,2026,0.16,0.03263029682042098,0.029463999999999997
FB,2026,0.17,0.04277580295566503,0.05266000000000002
FB,2026,0.18000000000000002,0.044669485356956765,0.074848
FB,2026,0.19,0.05070858109010011,0.09478400000000001
FB,2026,0.2,0.05813560393173733,0.09822
FB,2026,0.21000000000000002,0.06066590476190476,0.10711600000000003
FB,2026,0.22,0.06193818809687266,0.121508
FB,2026,0.23,0.06260879139784944,0.12792
FB,2026,0.24000000000000002,0.06447165609211433,0.133732
FB,2026,0.25,0.066,0.1379
FB,2026,0.26,0.06796314182301179,0.15368
FB,2026,0.27,0.0692274974810076,0.16203599999999999
FB,2026,0.28,0.07156635812214375,0.16632000000000002
FB,2026,0.29000000000000004,0.07270949748837612,0.17036000000000004
FB,2026,0.3,0.07376080268923857,0.18732000000000001
FB,2026,0.31,0.07511794974640607,0.19088800000000003
FB,2026,0.32,0.07585147067017489,0.21078
FB,2026,0.33,0.0787985854174005,0.23178800000000002
FB,2026,0.34,0.08018722003266195,0.238232
FB,2026,0.35000000000000003,0.08545308166657731,0.25860000000000005
FB,2026,0.36000000000000004,0.0864000676731481,0.261568
FB,2026,0.37,0.08902691105746018,0.270068
FB,2026,0.38,0.09290719703153989,0.2925759999999999
FB,2026,0.39,0.09425534476190477,0.3295720000000001
FB,2026,0.4,0.09599017653314428,0.35134000000000004
FB,2026,0.41000000000000003,0.09818962803234503,0.36436800000000014
FB,2026,0.42000000000000004,0.10016687901278727,0.37656000000000006
FB,2026,0.43,0.10368994739713347,0.391508
FB,2026,0.44,0.10486429408605359,0.40294399999999997
FB,2026,0.45,0.10780499168542038,0.43814000000000003
FB,2026,0.46,0.10925079735099337,0.440296
FB,2026,0.47000000000000003,0.11046811365367795,0.44183599999999995
FB,2026,0.48000000000000004,0.11145434368530019,0.44374399999999997
FB,2026,0.49,0.11226595885447978,0.45702
FB,2026,0.5,0.11247128129602356,0.4805
FB,2026,0.51,0.1140729370517928,0.4907919999999999
FB,2026,0.52,0.11775922039251072,0.508812
FB,2026,0.53,0.11877267377398722,0.525664
FB,2026,0.54,0.12075820071254975,0.5317400000000001
FB,2026,0.55,0.12137412901226546,0.5591
FB,2026,0.56,0.12246869637909173,0.5766760000000001
FB,2026,0.5700000000000001,0.12362424353408585,0.584052
FB,2026,0.5800000000000001,0.1277881820963407,0.6151800000000002
FB,2026,0.59,0.13050446421207657,0.6363439999999999
FB,2026,0.6,0.1344237067407547,0.64596
FB,2026,0.61,0.13564942231563,0.661136
FB,2026,0.62,0.1382568230638779,0.6682520000000001
FB,2026,0.63,0.14075659130434784,0.7384639999999998
FB,2026,0.64,0.1422222117519632,0.79652
FB,2026,0.65,0.1449662925157439,0.8391000000000001
FB,2026,0.66,0.1474901716772302,0.8594480000000001
FB,2026,0.67,0.14867262307575518,0.8892720000000002
FB,2026,0.68,0.15085513582345111,0.9541560000000002
FB,2026,0.6900000000000001,0.15708614972611076,0.994612
FB,2026,0.7000000000000001,0.16310226726641236,1.01364
FB,2026,0.7100000000000001,0.16564008915220768,1.0188320000000002
FB,2026,0.72,0.16888064551328066,1.0357679999999996
FB,2026,0.73,0.17101552388266014,1.0615240000000001
FB,2026,0.74,0.17534048228763133,1.1656800000000003
FB,2026,0.75,0.18244549763033174,1.2277
FB,2026,0.76,0.18370021203438397,1.2723599999999997
FB,2026,0.77,0.1882111858093126,1.3076719999999997
FB,2026,0.78,0.19059893603576752,1.3524040000000006
FB,2026,0.79,0.19170677551020407,1.375704
FB,2026,0.8,0.19589366740858508,1.4210000000000003
FB,2026,0.81,0.2021278300630063,1.4486
FB,2026,0.8200000000000001,0.20777260083870622,1.486432
FB,2026,0.8300000000000001,0.21492530646117372,1.5433840000000012
FB,2026,0.8400000000000001,0.21719510204081635,1.7646960000000032
FB,2026,0.85,0.22037840267335004,1.8159199999999993
FB,2026,0.86,0.23299023024830706,1.8392640000000002
FB,2026,0.87,0.23780021933027462,1.885936
FB,2026,0.88,0.24129967325280144,1.910136
FB,2026,0.89,0.2455672111044949,1.9923239999999989
FB,2026,0.9,0.25285621979720657,2.1371800000000016
FB,2026,0.91,0.2549040087114338,2.4156280000000008
FB,2026,0.92,0.259829474801061,2.458696
FB,2026,0.93,0.26570602801194826,2.4887280000000005
FB,2026,0.9400000000000001,0.28388173913043474,2.612356
FB,2026,0.9500000000000001,0.2986082296650722,2.798540000000005
FB,2026,0.9600000000000001,0.3383887567567568,2.9393720000000005
FB,2026,0.97,0.34459510447761177,3.02496
FB,2026,0.98,0.3565629226202257,3.125772000000001
FB,2026,0.99,0.5265684897959185,3.5866200000000017
FB,2026,1.0,1.2375272727272728,4.3146
CB,2022,0.01,-0.26100266666666666,-0.31936600000000004
CB,2022,0.02,-0.2174919724921905,-0.247608
CB,2022,0.03,-0.16425052648311103,-0.14599200000000004
CB,2022,0.04,-0.09490694380255277,-0.118582188692
CB,2022,0.05,-0.0651567213114754,-0.08372182391
CB,2022,0.060000000000000005,-0.025407999999999986,-0.027331999999999954
CB,2022,0.06999999999999999,-0.012318405745062828,-0.010432000000000009
CB,2022,0.08,-0.001616113211532363,0.0023879999999999995
CB,2022,0.09,0.006832055677369895,0.00907199999999996
CB,2022,0.09999999999999999,0.02973336103279418,0.03884
CB,2022,0.11,0.03168329341211747,0.04593800000000001
CB,2022,0.12,0.040644435374870766,0.06924400000000001
CB,2022,0.13,0.059406584606078935,0.076256
CB,2022,0.14,0.06636753318576044,0.08702800000000002
CB,2022,0.15000000000000002,0.0700256771799629,0.09461000000000001
CB,2022,0.16,0.07268706916759607,0.099992
CB,2022,0.17,0.07644798615174228,0.10435400000000002
CB,2022,0.18000000000000002,0.07767265289485875,0.11665600000000007
CB,2022,0.19,0.08382437493188012,0.13859000000000002
CB,2022,0.2,0.08926179581495783,0.15134
CB,2022,0.21000000000000002,0.09020886502043632,0.18084400000000006
CB,2022,0.22,0.09102149971346497,0.200552
CB,2022,0.23,0.09197500538462222,0.209038
CB,2022,0.24000000000000002,0.09736530889747907,0.24178800000000003
CB,2022,0.25,0.10285213545377014,0.25769865670000003
CB,2022,0.26,0.10500567786816269,0.269831570144
CB,2022,0.27,0.10631938583701726,0.287248
CB,2022,0.28,0.10834445822071717,0.298868
CB,2022,0.29000000000000004,0.11040454217237106,0.303858
CB,2022,0.3,0.11096388126247925,0.33098000000000005
CB,2022,0.31,0.1133797053425303,0.332164
CB,2022,0.32,0.11449465462836296,0.3605320000000001
CB,2022,0.33,0.1188548618473558,0.37078999999999995
CB,2022,0.34,0.12021509300032863,0.3912280000000001
CB,2022,0.35000000000000003,0.12100656990068756,0.40425
CB,2022,0.36000000000000004,0.12467799029459002,0.4198480000000002
CB,2022,0.37,0.12529866793858527,0.443988
CB,2022,0.38,0.12583527394209354,0.450268
CB,2022,0.39,0.12728317765168048,0.475326
CB,2022,0.4,0.12882780256930357,0.49218
CB,2022,0.41000000000000003,0.12985976396377594,0.5012759999999999
CB,2022,0.42000000000000004,0.13152723760717452,0.5482960000000002
CB,2022,0.43,0.1326429066095018,0.5976739999999998
CB,2022,0.44,0.13460867394695789,0.6525479999999999
CB,2022,0.45,0.1351740802176113,0.6619
CB,2022,0.46,0.13639590673451452,0.6686759999999999
CB,2022,0.47000000000000003,0.13878215316315207,0.676404
CB,2022,0.48000000000000004,0.13921034850863423,0.7078200000000002
CB,2022,0.49,0.14041309603232155,0.7418519999999998
CB,2022,0.5,0.14183634517766497,0.7997
CB,2022,0.51,0.14382513904338154,0.841414
CB,2022,0.52,0.14597618393550318,0.8614
CB,2022,0.53,0.15291726153846164,0.8898300000000002
CB,2022,0.54,0.16272631232876714,0.909276
CB,2022,0.55,0.16436090584359286,0.92007
CB,2022,0.56,0.17013986514380078,0.9310040000000012
CB,2022,0.5700000000000001,0.1749601459126791,1.1292380000000002
CB,2022,0.5800000000000001,0.17845372626658523,1.151072
CB,2022,0.59,0.1809831486122125,1.213972
CB,2022,0.6,0.18194717842981759,1.2695599999999994
CB,2022,0.61,0.18367946755407652,1.333316
CB,2022,0.62,0.18427114674515363,1.347092
CB,2022,0.63,0.184462215751941,1.3560940000000001
CB,2022,0.64,0.18598737167743776,1.4024280000000002
CB,2022,0.65,0.18754990502119342,1.4649700000000008
CB,2022,0.66,0.19066420353187669,1.57554
CB,2022,0.67,0.19390623006351446,1.605656
CB,2022,0.68,0.19655799753837558,1.705036
CB,2022,0.6900000000000001,0.19889549408099688,1.72435
CB,2022,0.7000000000000001,0.199811144278607,1.7838800000000008
CB,2022,0.7100000000000001,0.20004151553299493,1.8412360000000012
CB,2022,0.72,0.20071781017228393,1.9748079999999988
CB,2022,0.73,0.2009653985071329,2.1166899999999993
CB,2022,0.74,0.20367827456343923,2.149148
CB,2022,0.75,0.20691220295651172,2.2312
CB,2022,0.76,0.21060204028617283,2.340888
CB,2022,0.77,0.21341949062871673,2.3935180000000007
CB,2022,0.78,0.21514839520203788,2.5334560000000015
CB,2022,0.79,0.21594675504919733,2.698578
CB,2022,0.8,0.21947144362486828,2.7781200000000004
CB,2022,0.81,0.22282727054614335,2.868132
CB,2022,0.8200000000000001,0.22537186408116008,2.8800000000000003
CB,2022,0.8300000000000001,0.23001768000000006,2.928908
CB,2022,0.8400000000000001,0.2327708085436893,2.947824
CB,2022,0.85,0.2344774321379037,2.9737899999999997
CB,2022,0.86,0.24014448314635975,3.06102
CB,2022,0.87,0.24208734150612957,3.1802439999999996
CB,2022,0.88,0.24299788505747127,3.27736
CB,2022,0.89,0.24612272000000002,3.316564
CB,2022,0.9,0.247444,3.3218600000000005
CB,2022,0.91,0.25180779310344825,3.6035979999999994
CB,2022,0.92,0.2549026438786188,3.868348
CB,2022,0.93,0.2621336732273656,3.9707860000000004
CB,2022,0.9400000000000001,0.2674046443768997,4.303192000000003
CB,2022,0.9500000000000001,0.28040618355033353,4.33845
CB,2022,0.9600000000000001,0.3080964031220052,4.358112
CB,2022,0.97,0.3695982689022456,4.408854
CB,2022,0.98,0.41463345454545447,4.785139999999997
CB,2022,0.99,0.43154094545454535,5.141953999999999
CB,2022,1.0,0.4861090909090908,5.4147
CB,2023,0.01,-0.014812675324675326,-0.027720000000000005
CB,2023,0.02,-0.00648154650455927,-0.005415999999999999
CB,2023,0.03,-0.0008832000000000034,-0.00032200000000000127
CB,2023,0.04,0.011255412400635937,0.02144800000000001
CB,2023,0.05,0.027615776432094983,0.043599999999999986
CB,2023,0.060000000000000005,0.038090915864097664,0.083884
CB,2023,0.06999999999999999,0.0445609648428405,0.08778000000000001
CB,2023,0.08,0.053589269451598975,0.08967988368
CB,2023,0.09,0.05901309229561512,0.104394
CB,2023,0.09999999999999999,0.06429460295968774,0.11359999999999999
CB,2023,0.11,0.0740874157041961,0.11561999999999997
CB,2023,0.12,0.07653738778261018,0.13374
CB,2023,0.13,0.08034526759289176,0.169944
CB,2023,0.14,0.08187632,0.18601200000000004
CB,2023,0.15000000000000002,0.08776166350478545,0.20365000000000014
CB,2023,0.16,0.08877969631364087,0.24391600000000005
CB,2023,0.17,0.0912604191308952,0.258154
CB,2023,0.18000000000000002,0.0922727174139729,0.270716
CB,2023,0.19,0.09395759461480928,0.290366
CB,2023,0.2,0.09555881814485531,0.3273
CB,2023,0.21000000000000002,0.10112276970450204,0.367442
CB,2023,0.22,0.10257397180764284,0.378944
CB,2023,0.23,0.10359756013892123,0.391156
CB,2023,0.24000000000000002,0.1059799947577491,0.43446000000000007
CB,2023,0.25,0.10658842105263158,0.4467
CB,2023,0.26,0.11038947655395265,0.48733600000000005
CB,2023,0.27,0.11198782079990914,0.4932579999999999
CB,2023,0.28,0.11513696390966557,0.5234520000000001
CB,2023,0.29000000000000004,0.11862740311055067,0.5785800000000002
CB,2023,0.3,0.12058816901408449,0.5921799999999999
CB,2023,0.31,0.12262973558118899,0.597514
CB,2023,0.32,0.12436333315847878,0.6007359999999999
CB,2023,0.33,0.12499918791946309,0.607608
CB,2023,0.34,0.1274063282385367,0.622356
CB,2023,0.35000000000000003,0.1281530981401702,0.6553700000000001
CB,2023,0.36000000000000004,0.12930726609715673,0.6801160000000003
CB,2023,0.37,0.13094421016576868,0.7326079999999999
CB,2023,0.38,0.13423283699545577,0.7523080000000001
CB,2023,0.39,0.13625708298796838,0.7792939999999999
CB,2023,0.4,0.14175131676875072,0.79626
CB,2023,0.41000000000000003,0.14699348837209303,0.816164
CB,2023,0.42000000000000004,0.14863211653687586,0.853712
CB,2023,0.43,0.1506695004550259,0.861128
CB,2023,0.44,0.15163108300395256,0.940828
CB,2023,0.45,0.15381872235872238,1.01047
CB,2023,0.46,0.15722734239343678,1.0512920000000008
CB,2023,0.47000000000000003,0.1601486422959773,1.114686
CB,2023,0.48000000000000004,0.16204951120043876,1.235128
CB,2023,0.49,0.1645237383057988,1.255112
CB,2023,0.5,0.16673406593406592,1.2798
CB,2023,0.51,0.16716960149801996,1.325822
CB,2023,0.52,0.17045433027522938,1.4012640000000003
CB,2023,0.53,0.17206254898238954,1.419372
CB,2023,0.54,0.17262654714441708,1.4349560000000001
CB,2023,0.55,0.17336906811344022,1.4559300000000002
CB,2023,0.56,0.1747355681782135,1.5168240000000006
CB,2023,0.5700000000000001,0.17650496952317288,1.582146
CB,2023,0.5800000000000001,0.17689902993280388,1.6394760000000004
CB,2023,0.59,0.1780157605856641,1.6774760000000002
CB,2023,0.6,0.178997691545872,1.6926800000000002
CB,2023,0.61,0.17943742746227867,1.7494039999999997
CB,2023,0.62,0.17987402863511318,1.7928239999999998
CB,2023,0.63,0.18105485882136954,1.8329
CB,2023,0.64,0.18244993131150833,1.8857440000000005
CB,2023,0.65,0.18495747920499597,1.9922099999999994
CB,2023,0.66,0.18635484115575374,2.112196
CB,2023,0.67,0.18837196266357847,2.1396900000000003
CB,2023,0.68,0.1902427613403449,2.197616000000001
CB,2023,0.6900000000000001,0.19192308433964944,2.2686140000000004
CB,2023,0.7000000000000001,0.19317634029350628,2.31524
CB,2023,0.7100000000000001,0.1970140418149354,2.4156880000000003
CB,2023,0.72,0.19952523226338026,2.543224
CB,2023,0.73,0.20243645393022028,2.642096
CB,2023,0.74,0.20807133114286253,2.7250599999999996
CB,2023,0.75,0.21017325806202147,2.7678000000000003
CB,2023,0.76,0.21231366590893097,2.808316
CB,2023,0.77,0.2143182854829194,2.880466
CB,2023,0.78,0.21872080188455628,2.99018
CB,2023,0.79,0.2242373870327617,3.1063580000000006
CB,2023,0.8,0.23117455902869422,3.12434
CB,2023,0.81,0.23380762264473404,3.1818679999999997
CB,2023,0.8200000000000001,0.23489151490213103,3.272168
CB,2023,0.8300000000000001,0.23724994970543417,3.440254000000001
CB,2023,0.8400000000000001,0.24354168455303973,3.5708640000000016
CB,2023,0.85,0.24722020711794196,3.7829899999999985
CB,2023,0.86,0.25299025894036237,3.938611999999999
CB,2023,0.87,0.2547806003226598,4.042686
CB,2023,0.88,0.2563279051465798,4.229432
CB,2023,0.89,0.2593093700404859,4.345982000000001
CB,2023,0.9,0.2623081545902974,4.533020000000001
CB,2023,0.91,0.27148745531914903,4.746940000000001
CB,2023,0.92,0.2809698336162989,4.9224080000000034
CB,2023,0.93,0.2879178387096774,5.059508
CB,2023,0.9400000000000001,0.3020772683445398,5.221532
CB,2023,0.9500000000000001,0.30488573754018256,5.690090000000002
CB,2023,0.9600000000000001,0.31479255716529936,5.926700000000001
CB,2023,0.97,0.32658331650246625,6.212647999999996
CB,2023,0.98,0.32704707569721114,6.509847999999998
CB,2023,0.99,0.4082365714285706,6.599324
CB,2023,1.0,0.5867876288659793,9.359900000000001
CB,2024,0.01,-0.11895776406533574,-0.263666
CB,2024,0.02,-0.0969607365233192,-0.186868
CB,2024,0.03,-0.07879186885245902,-0.11328400000000001
CB,2024,0.04,-0.06561416013968568,-0.0879
CB,2024,0.05,-0.02704628139467736,-0.06846999999999998
CB,2024,0.060000000000000005,-0.016207059073692593,-0.02340399999999996
CB,2024,0.06999999999999999,-0.009011573796369377,-0.0035545340600000035
CB,2024,0.08,-0.00040003764705882645,0.001456000000000002
CB,2024,0.09,0.01267128143712574,0.013926
CB,2024,0.09999999999999999,0.026778106850366128,0.04671999999999991
CB,2024,0.11,0.03208471625344353,0.065744
CB,2024,0.12,0.04261456077795786,0.07618799999999999
CB,2024,0.13,0.045583130730050936,0.10140400000000004
CB,2024,0.14,0.050614401340594896,0.10523600000000001
CB,2024,0.15000000000000002,0.06174334606972516,0.13091
CB,2024,0.16,0.06343096145846079,0.1463
CB,2024,0.17,0.06782935024575869,0.165192
CB,2024,0.18000000000000002,0.07192890100634677,0.1818760000000002
CB,2024,0.19,0.07635714176174191,0.217726
CB,2024,0.2,0.07882306445749933,0.22650000000000003
CB,2024,0.21000000000000002,0.08474991225213294,0.24646600000000002
CB,2024,0.22,0.09132869544787078,0.26281600000000005
CB,2024,0.23,0.09196877669902911,0.27709600000000006
CB,2024,0.24000000000000002,0.0946313401812317,0.33006
CB,2024,0.25,0.09793894835756956,0.35015
CB,2024,0.26,0.09980624214909604,0.37074
CB,2024,0.27,0.10089841180151991,0.37723599999999996
CB,2024,0.28,0.10162959607248964,0.38922400000000007
CB,2024,0.29000000000000004,0.1047625167218988,0.42067200000000005
CB,2024,0.3,0.1112891353535882,0.44921999999999995
CB,2024,0.31,0.11297891825235466,0.479648
CB,2024,0.32,0.11330777023471916,0.513728
CB,2024,0.33,0.11670987540983606,0.556516
CB,2024,0.34,0.11908020721410134,0.5814400000000001
CB,2024,0.35000000000000003,0.12012575240843645,0.61871
CB,2024,0.36000000000000004,0.12174343370793364,0.6742880000000001
CB,2024,0.37,0.1224194302349293,0.6837479999999999
CB,2024,0.38,0.12505331809523812,0.725548
CB,2024,0.39,0.1260535703511475,0.738742
CB,2024,0.4,0.1266503303880798,0.75732
CB,2024,0.41000000000000003,0.12860255082536926,0.774228
CB,2024,0.42000000000000004,0.1288033181739374,0.7965998825360001
CB,2024,0.43,0.13275859171407145,0.8241979999999999
CB,2024,0.44,0.13817915739426756,0.8824176019760008
CB,2024,0.45,0.14640492698412697,1.0019500000000003
CB,2024,0.46,0.1481909346421268,1.0556480000000001
CB,2024,0.47000000000000003,0.1512319444118612,1.1181280000000005
CB,2024,0.48000000000000004,0.15166725323198105,1.1780080000000006
CB,2024,0.49,0.15195554108632728,1.298248
CB,2024,0.5,0.15406406052963428,1.3514
CB,2024,0.51,0.1561206410978882,1.38666
CB,2024,0.52,0.15855910956521738,1.422492
CB,2024,0.53,0.15981569751062613,1.4819
CB,2024,0.54,0.1619275828579518,1.5595120000000002
CB,2024,0.55,0.16285671833524362,1.6293000000000002
CB,2024,0.56,0.16382312608597116,1.9103960000000002
CB,2024,0.5700000000000001,0.16833031871855492,1.932614
CB,2024,0.5800000000000001,0.16922862189924,1.9806520000000003
CB,2024,0.59,0.16976485621942952,2.0056139999999996
CB,2024,0.6,0.17123562913189294,2.0691
CB,2024,0.61,0.17193710744005095,2.168558
CB,2024,0.62,0.17503552423068153,2.2044799999999998
CB,2024,0.63,0.179457766553632,2.2692759999999996
CB,2024,0.64,0.18182368430375598,2.326908
CB,2024,0.65,0.18298433528239638,2.38416
CB,2024,0.66,0.18444319645816826,2.4012640000000003
CB,2024,0.67,0.18518518274163231,2.432194
CB,2024,0.68,0.18680760417203798,2.47126
CB,2024,0.6900000000000001,0.18951971131567763,2.4952500000000004
CB,2024,0.7000000000000001,0.19180277862271425,2.54234
CB,2024,0.7100000000000001,0.19616935470549177,2.585438
CB,2024,0.72,0.20039491761065528,2.63156
CB,2024,0.73,0.20322840637998726,2.711338
CB,2024,0.74,0.20891989245557407,2.8022319999999996
CB,2024,0.75,0.21021313812992215,2.8911
CB,2024,0.76,0.21232761378201906,3.0076240000000003
CB,2024,0.77,0.21407537947931216,3.054058
CB,2024,0.78,0.215981849189174,3.0633039999999996
CB,2024,0.79,0.21992300910695795,3.201236
CB,2024,0.8,0.2231024715704841,3.4050200000000013
CB,2024,0.81,0.22470673451178272,3.6148860000000003
CB,2024,0.8200000000000001,0.23024367299248022,3.703012
CB,2024,0.8300000000000001,0.23561007979783805,3.791232
CB,2024,0.8400000000000001,0.23915032258064517,3.868288000000001
CB,2024,0.85,0.2414484229748623,3.95559
CB,2024,0.86,0.24452661910677304,4.1215399999999995
CB,2024,0.87,0.2532868578583278,4.13608
CB,2024,0.88,0.2561927133643989,4.292248000000001
CB,2024,0.89,0.2578443785492553,4.415224000000001
CB,2024,0.9,0.26934042919443296,4.57462
CB,2024,0.91,0.28075743946932014,4.647896000000001
CB,2024,0.92,0.29013692900837934,4.797760000000002
CB,2024,0.93,0.297657105468051,4.9286660000000015
CB,2024,0.9400000000000001,0.30803518614111886,5.089892000000002
CB,2024,0.9500000000000001,0.3246456124209317,5.264330000000002
CB,2024,0.9600000000000001,0.3462658541843976,5.426348000000003
CB,2024,0.97,0.4081473299492386,5.640584
CB,2024,0.98,0.46570693670886065,5.78132
CB,2024,0.99,0.5137685996940337,6.3428759999999995
CB,2024,1.0,0.7104,7.2784
CB,2025,0.01,-0.22083052678508158,-0.30183000000000004
CB,2025,0.02,-0.17011684848484848,-0.19000000000000003
CB,2025,0.03,-0.09486610060862005,-0.145376
CB,2025,0.04,-0.07986915291936979,-0.084956
CB,2025,0.05,-0.03921372568578552,-0.010969999999999999
CB,2025,0.060000000000000005,-0.018897908256880723,-0.003268000000000002
CB,2025,0.06999999999999999,0.0072993566433566335,0.0014939999999999968
CB,2025,0.08,0.018351483870967744,0.003787999999999999
CB,2025,0.09,0.03439615037593984,0.008043999999999996
CB,2025,0.09999999999999999,0.03885440421329822,0.015079999999999996
CB,2025,0.11,0.042462,0.018978
CB,2025,0.12,0.04686589514563105,0.029711999999999978
CB,2025,0.13,0.05581598434936877,0.04078900000000002
CB,2025,0.14,0.0633035076923077,0.07248000000000003
CB,2025,0.15000000000000002,0.06824663939753048,0.07874
CB,2025,0.16,0.07225631522806593,0.091476
CB,2025,0.17,0.07533530629957855,0.12077600000000001
CB,2025,0.18000000000000002,0.08174916409662188,0.15042400000000009
CB,2025,0.19,0.09112023521367521,0.17013899999999998
CB,2025,0.2,0.09260513371575159,0.18418000000000007
CB,2025,0.21000000000000002,0.0987733407033787,0.21201100000000003
CB,2025,0.22,0.09940512682611505,0.243136
CB,2025,0.23,0.10191300167295392,0.3034290000000001
CB,2025,0.24000000000000002,0.10382106552556045,0.46407200000000004
CB,2025,0.25,0.10523927933694957,0.46934999999999993
CB,2025,0.26,0.10592508908364581,0.5008180000000001
CB,2025,0.27,0.11060349604186234,0.5525140000000001
CB,2025,0.28,0.11166143806646525,0.563864
CB,2025,0.29000000000000004,0.11322000198865449,0.598951
CB,2025,0.3,0.12108889393278044,0.6645499999999996
CB,2025,0.31,0.12554640043333032,0.6927409999999999
CB,2025,0.32,0.1294615525694709,0.7342879999999998
CB,2025,0.33,0.13130776964475077,0.8280730000000001
CB,2025,0.34,0.13362736920222637,0.84981
CB,2025,0.35000000000000003,0.13572743716109792,0.9273950000000003
CB,2025,0.36000000000000004,0.13845401697049123,0.9744720000000002
CB,2025,0.37,0.14120665791221862,1.013915
CB,2025,0.38,0.1430166982582165,1.042872
CB,2025,0.39,0.14580392424904975,1.090101
CB,2025,0.4,0.14736292173913046,1.1321200000000005
CB,2025,0.41000000000000003,0.15116940375081578,1.172787
CB,2025,0.42000000000000004,0.15357439558924882,1.2188640000000002
CB,2025,0.43,0.15427147351310294,1.2691940000000002
CB,2025,0.44,0.15577067591527516,1.372136
CB,2025,0.45,0.15640153846153845,1.3905249999999996
CB,2025,0.46,0.15853195451099317,1.480596
CB,2025,0.47000000000000003,0.15924679514847345,1.4979100000000003
CB,2025,0.48000000000000004,0.16102749369136712,1.544904
CB,2025,0.49,0.16450411628680003,1.6222720000000002
CB,2025,0.5,0.1678092656471264,1.6763500000000002
CB,2025,0.51,0.1682493907628438,1.6969809999999999
CB,2025,0.52,0.17151543560218704,1.729564
CB,2025,0.53,0.17247457557077067,1.7577330000000002
CB,2025,0.54,0.17412956901383114,1.7827840000000001
CB,2025,0.55,0.17540861092395976,1.8497850000000002
CB,2025,0.56,0.17688388081241485,1.874436
CB,2025,0.5700000000000001,0.1779109815374867,1.9011080000000002
CB,2025,0.5800000000000001,0.17931644222592194,1.9198060000000003
CB,2025,0.59,0.18071018433278604,1.954755
CB,2025,0.6,0.18347995046921847,1.9731999999999996
CB,2025,0.61,0.1863928115942029,2.010708
CB,2025,0.62,0.1867943302074453,2.113694
CB,2025,0.63,0.18881129655535395,2.146491
CB,2025,0.64,0.19051777659317384,2.21776
CB,2025,0.65,0.19277723543110975,2.2975250000000007
CB,2025,0.66,0.19342122755253063,2.3405740000000006
CB,2025,0.67,0.1952887831831832,2.479917613479
CB,2025,0.68,0.20183064105461396,2.534640213384
CB,2025,0.6900000000000001,0.20379731910591603,2.555517
CB,2025,0.7000000000000001,0.20732519949877995,2.6038900000000003
CB,2025,0.7100000000000001,0.20836706955148834,2.751260000000001
CB,2025,0.72,0.21358180890315262,2.877424
CB,2025,0.73,0.21447739376406302,2.9373039999999984
CB,2025,0.74,0.2166208689680365,3.0931140000000004
CB,2025,0.75,0.2181988034665921,3.250625
CB,2025,0.76,0.2202509142373497,3.3999439999999996
CB,2025,0.77,0.2255335675149124,3.5534099999999995
CB,2025,0.78,0.22777585286282642,3.676332
CB,2025,0.79,0.23071918461283134,3.754814000000002
CB,2025,0.8,0.23334483101218725,3.964080000000002
CB,2025,0.81,0.2356635635987591,4.064299
CB,2025,0.8200000000000001,0.2381637883458837,4.091848000000001
CB,2025,0.8300000000000001,0.24071119261408602,4.177284000000001
CB,2025,0.8400000000000001,0.24210329307545847,4.262268
CB,2025,0.85,0.24342775606376327,4.34647
CB,2025,0.86,0.24745364897530736,4.457642000000001
CB,2025,0.87,0.253864120547525,4.565802
CB,2025,0.88,0.2570357731189952,4.602736
CB,2025,0.89,0.2599085643142984,4.652583
CB,2025,0.9,0.26346128571428573,4.735530000000001
CB,2025,0.91,0.2731827604182803,4.805328
CB,2025,0.92,0.283069616583161,4.858696000000001
CB,2025,0.93,0.2893531519767019,4.914347000000001
CB,2025,0.9400000000000001,0.30470388945480337,5.018312000000001
CB,2025,0.9500000000000001,0.31427943725150376,5.105180000000001
CB,2025,0.9600000000000001,0.34303369411764717,5.210624000000004
CB,2025,0.97,0.3702611402714933,5.692396000000001
CB,2025,0.98,0.5836299583710417,6.295884
CB,2025,0.99,0.6889615714285714,6.911985000000002
CB,2025,1.0,0.8576,7.9191
CB,2026,0.01,-0.21848506985459568,-0.3539000000000001
CB,2026,0.02,-0.1242279298245614,-0.259074
CB,2026,0.03,-0.09384248515483144,-0.056708145393
CB,2026,0.04,-0.06480338028169014,-0.053158948176000004
CB,2026,0.05,-0.05931720921221516,-0.033854999999999996
CB,2026,0.060000000000000005,-0.048707368421052624,-0.01841799999999998
CB,2026,0.06999999999999999,-0.02948976923076924,-0.009724
CB,2026,0.08,-0.008607466666666655,-0.0023839999999999487
CB,2026,0.09,0.025357828878906755,0.008230999999999983
CB,2026,0.09999999999999999,0.03306224167769519,0.02741
CB,2026,0.11,0.03608168727272727,0.027824
CB,2026,0.12,0.03846845322682362,0.04658399999999999
CB,2026,0.13,0.048552571785434304,0.06032700000000001
CB,2026,0.14,0.0518611521932379,0.07189399999999999
CB,2026,0.15000000000000002,0.05395788933440257,0.072465
CB,2026,0.16,0.059251769616368286,0.08095999999999999
CB,2026,0.17,0.061218549120294063,0.08887
CB,2026,0.18000000000000002,0.0632571185558732,0.09136000000000001
CB,2026,0.19,0.0683387635911774,0.11024200000000006
CB,2026,0.2,0.07003798552362336,0.12774
CB,2026,0.21000000000000002,0.07144564186985557,0.128791
CB,2026,0.22,0.07504234666666665,0.143642
CB,2026,0.23,0.08047186683480453,0.150933
CB,2026,0.24000000000000002,0.08945187640519484,0.15432400000000007
CB,2026,0.25,0.09455674154587038,0.1714
CB,2026,0.26,0.0951784147293433,0.18791600000000003
CB,2026,0.27,0.09674157881407257,0.21234900000000004
CB,2026,0.28,0.09904223927765238,0.23134000000000002
CB,2026,0.29000000000000004,0.10082874242424243,0.2610470000000001
CB,2026,0.3,0.10258873065015481,0.27341000000000004
CB,2026,0.31,0.10394371686382041,0.293766
CB,2026,0.32,0.10669811117120737,0.30958800000000003
CB,2026,0.33,0.10820203633237822,0.32037200000000005
CB,2026,0.34,0.1090149253457279,0.34667000000000003
CB,2026,0.35000000000000003,0.11013956930542919,0.37108500000000016
CB,2026,0.36000000000000004,0.11154927173288715,0.374792
CB,2026,0.37,0.11323420085419512,0.379855
CB,2026,0.38,0.11544904722910243,0.40312200000000004
CB,2026,0.39,0.11733910454537394,0.4420279999999999
CB,2026,0.4,0.11827045353159851,0.4976200000000002
CB,2026,0.41000000000000003,0.11862025885087622,0.5227219999999999
CB,2026,0.42000000000000004,0.11980448614043503,0.5689140000000001
CB,2026,0.43,0.12107227793427229,0.592548
CB,2026,0.44,0.12271828802391502,0.647164
CB,2026,0.45,0.12502608088610886,0.67878
CB,2026,0.46,0.12560380336948998,0.685076
CB,2026,0.47000000000000003,0.12639056821829855,0.689394
CB,2026,0.48000000000000004,0.12815888231648923,0.7109440000000001
CB,2026,0.49,0.13012436224733406,0.7337289999999999
CB,2026,0.5,0.1305573456549574,0.7422500000000001
CB,2026,0.51,0.13181011365360812,0.7592240000000001
CB,2026,0.52,0.13519467177405212,0.788724
CB,2026,0.53,0.13750500792591894,0.7971800000000001
CB,2026,0.54,0.13889605647084474,0.809334
CB,2026,0.55,0.14085792268907563,0.8600500000000001
CB,2026,0.56,0.14167083095627778,0.8789360000000002
CB,2026,0.5700000000000001,0.14272267986318318,0.9042920000000002
CB,2026,0.5800000000000001,0.14377697095310712,0.9510000000000002
CB,2026,0.59,0.1451826205608378,0.9945630000000002
CB,2026,0.6,0.1498022591996245,1.0522599999999998
CB,2026,0.61,0.15482326039541264,1.080196
CB,2026,0.62,0.1561668266285728,1.16883
CB,2026,0.63,0.15734798153551716,1.193094
CB,2026,0.64,0.1585409691514104,1.2324840000000001
CB,2026,0.65,0.16065856471857276,1.2711249999999998
CB,2026,0.66,0.16204600590591875,1.2927619999999997
CB,2026,0.67,0.16266988856304984,1.324241
CB,2026,0.68,0.16356984136645752,1.403024
CB,2026,0.6900000000000001,0.16648595471089675,1.405697
CB,2026,0.7000000000000001,0.1681933981644534,1.4370000000000007
CB,2026,0.7100000000000001,0.17278305922584905,1.572756
CB,2026,0.72,0.172977461429431,1.58882
CB,2026,0.73,0.1738901545798493,1.615351
CB,2026,0.74,0.1776726880307531,1.65714
CB,2026,0.75,0.1795748774380679,1.730775
CB,2026,0.76,0.18012053905642925,1.743084
CB,2026,0.77,0.18252486477789134,1.7690790000000003
CB,2026,0.78,0.1841072085561497,1.820676
CB,2026,0.79,0.19384507929131573,1.9143540000000001
CB,2026,0.8,0.19629237449507228,1.980180000000001
CB,2026,0.81,0.19887272811398415,2.019355
CB,2026,0.8200000000000001,0.20045112601758383,2.068576
CB,2026,0.8300000000000001,0.20237805603164144,2.082034
CB,2026,0.8400000000000001,0.21699563076777692,2.189848000000001
CB,2026,0.85,0.22211503428006957,2.3051049999999997
CB,2026,0.86,0.22734576766402792,2.3713340000000005
CB,2026,0.87,0.2355036099061571,2.5133490000000007
CB,2026,0.88,0.23944424754800062,2.6947039999999998
CB,2026,0.89,0.2454768771536344,2.7506290000000004
CB,2026,0.9,0.2552773656845754,2.77015
CB,2026,0.91,0.25824840062420207,2.9033110000000004
CB,2026,0.92,0.26656418438381935,2.9645719999999995
CB,2026,0.93,0.27385883855288595,3.054079
CB,2026,0.9400000000000001,0.2837597746478874,3.1685300000000005
CB,2026,0.9500000000000001,0.28924221583285425,3.2029800000000006
CB,2026,0.9600000000000001,0.29748298749064345,3.2395040000000006
CB,2026,0.97,0.31376380491307254,3.460175000000001
CB,2026,0.98,0.3827505613832851,3.781555999999994
CB,2026,0.99,0.4113090209672906,3.9681599999999997
CB,2026,1.0,0.7855659574468086,4.5434
W,2022,0.01,-0.22614486486486488,-0.12719
W,2022,0.02,-0.11275609147609147,-0.05517999999999999
W,2022,0.03,-0.041260384615384615,-0.02672
W,2022,0.04,-0.019562295652173912,-0.005339999999999999
W,2022,0.05,0.0003146245059288521,0.0003999999999999976
W,2022,0.060000000000000005,0.005108599508599512,0.0024599999999999995
W,2022,0.06999999999999999,0.015185101214574897,0.0058999999999999955
W,2022,0.08,0.02146264615384615,0.01788
W,2022,0.09,0.04984348585607937,0.019349999999999996
W,2022,0.09999999999999999,0.06357551020408163,0.056099999999999935
W,2022,0.11,0.07044698327759197,0.06925
W,2022,0.12,0.08990861935789599,0.08072
W,2022,0.13,0.1041985486877958,0.08646000000000002
W,2022,0.14,0.10571475862068964,0.09360000000000004
W,2022,0.15000000000000002,0.1066488013136289,0.1184
W,2022,0.16,0.11074085213032582,0.12368
W,2022,0.17,0.11435465937926997,0.13882
W,2022,0.18000000000000002,0.12330678486753945,0.14614000000000002
W,2022,0.19,0.1295465740551583,0.16348
W,2022,0.2,0.13440880733944954,0.2193
W,2022,0.21000000000000002,0.14199854926350244,0.2696
W,2022,0.22,0.14474176453900708,0.28954
W,2022,0.23,0.14701995440729482,0.34612000000000015
W,2022,0.24000000000000002,0.1484129115977291,0.36012000000000005
W,2022,0.25,0.14937982997583604,0.37765
W,2022,0.26,0.1510087582502234,0.38774000000000003
W,2022,0.27,0.1516907998665035,0.4323100000000001
W,2022,0.28,0.15630800195407915,0.49012000000000017
W,2022,0.29000000000000004,0.15804092912447884,0.5664600000000003
W,2022,0.3,0.1584,0.6122000000000001
W,2022,0.31,0.16340443910101027,0.62056
W,2022,0.32,0.17136153234681534,0.64098
W,2022,0.33,0.17503024109994836,0.68104
W,2022,0.34,0.17639523454847453,0.6913400000000001
W,2022,0.35000000000000003,0.17860036510549157,0.7254000000000003
W,2022,0.36000000000000004,0.1848002577049062,0.7773800000000002
W,2022,0.37,0.18694923930197951,0.80206
W,2022,0.38,0.19107711279667236,0.8547399999999999
W,2022,0.39,0.19815057180226284,0.87558
W,2022,0.4,0.20442522522522522,0.8926999999999999
W,2022,0.41000000000000003,0.20889112310578728,0.9300000000000002
W,2022,0.42000000000000004,0.21339039053254438,0.9682000000000001
W,2022,0.43,0.21510237490664674,1.00631
W,2022,0.44,0.21614331905945003,1.0861800000000001
W,2022,0.45,0.21638729549254743,1.0899
W,2022,0.46,0.21715022517953503,1.1419400000000002
W,2022,0.47000000000000003,0.21834812713188181,1.23782
W,2022,0.48000000000000004,0.22502662671590837,1.28174
W,2022,0.49,0.2330638034737267,1.3067599999999997
W,2022,0.5,0.2354411764705882,1.3854
W,2022,0.51,0.23621833877183507,1.4155499999999999
W,2022,0.52,0.2375796293272865,1.4336399999999998
W,2022,0.53,0.24490901343952218,1.4795200000000002
W,2022,0.54,0.24727462405772824,1.51018
W,2022,0.55,0.25165546252807847,1.53145
W,2022,0.56,0.25750984652342196,1.5909600000000008
W,2022,0.5700000000000001,0.2598629232480534,1.6132400000000005
W,2022,0.5800000000000001,0.2612994600870827,1.673
W,2022,0.59,0.2616537773218212,1.69188
W,2022,0.6,0.2628746887966805,1.7767
W,2022,0.61,0.26973722762891944,1.82302
W,2022,0.62,0.27133091418860095,1.8502399999999997
W,2022,0.63,0.2720196749156958,1.9371400000000008
W,2022,0.64,0.2722585096293886,1.9574600000000002
W,2022,0.65,0.27567809251513387,2.1266499999999997
W,2022,0.66,0.2805352835188129,2.29736
W,2022,0.67,0.28367063048994734,2.3502100000000006
W,2022,0.68,0.2872789888569516,2.4035800000000003
W,2022,0.6900000000000001,0.29011039994528326,2.45453
W,2022,0.7000000000000001,0.29299877300613497,2.510200000000002
W,2022,0.7100000000000001,0.2949185828942583,2.62801
W,2022,0.72,0.29704074381977513,2.64264
W,2022,0.73,0.2984901672549634,2.6923899999999996
W,2022,0.74,0.3007619994927977,2.7244
W,2022,0.75,0.30797075631285953,2.8393499999999996
W,2022,0.76,0.3125094178184923,2.93398
W,2022,0.77,0.31368941641157305,3.1557600000000003
W,2022,0.78,0.32177223366107577,3.239560000000001
W,2022,0.79,0.32601471589085074,3.35138
W,2022,0.8,0.3314086956521739,3.4421
W,2022,0.81,0.3360531554550594,3.5123800000000016
W,2022,0.8200000000000001,0.34396727302987434,3.697880000000001
W,2022,0.8300000000000001,0.3482405974549753,3.75352
W,2022,0.8400000000000001,0.3514275164835165,3.8914200000000014
W,2022,0.85,0.3538193175245807,3.9912
W,2022,0.86,0.3664519416187527,4.024979999999999
W,2022,0.87,0.3735772326592242,4.194039999999999
W,2022,0.88,0.3847157703147815,4.385760000000001
W,2022,0.89,0.38662987971347484,4.53119
W,2022,0.9,0.40698181818181817,4.5497000000000005
W,2022,0.91,0.41639521634879745,5.00225
W,2022,0.92,0.42063105558018626,5.123820000000001
W,2022,0.93,0.4243772699696663,5.462280000000002
W,2022,0.9400000000000001,0.4304451475889709,5.635280000000001
W,2022,0.9500000000000001,0.436825722669253,5.960950000000003
W,2022,0.9600000000000001,0.4714509279762023,6.267020000000002
W,2022,0.97,0.5011004081632652,7.100689999999998
W,2022,0.98,0.5286472562358274,7.3175399999999975
W,2022,0.99,0.5391677987421384,8.791439999999978
W,2022,1.0,0.6478254545454545,10.0207
W,2023,0.01,-0.11707957894736842,-0.023171999999999998
W,2023,0.02,-0.022210340222575516,-0.018772
W,2023,0.03,-0.015486494117647059,-0.005176000000000001
W,2023,0.04,-0.004170893617021272,-0.0010159999999999976
W,2023,0.05,0.007048816684067141,0.006520000000000005
W,2023,0.060000000000000005,0.026333733649610322,0.011288000000000006
W,2023,0.06999999999999999,0.0326472974785741,0.016263999999999997
W,2023,0.08,0.03344804554989511,0.024036000000000002
W,2023,0.09,0.050667025722451575,0.026199999999999998
W,2023,0.09999999999999999,0.05737957748597904,0.0292
W,2023,0.11,0.0646904648339295,0.03126400000000001
W,2023,0.12,0.07597135734679163,0.036472000000000004
W,2023,0.13,0.08804095681195517,0.038936000000000005
W,2023,0.14,0.09425289707976474,0.04223239046400001
W,2023,0.15000000000000002,0.0977646784275594,0.08088000000000002
W,2023,0.16,0.10008126335231646,0.09456000000000003
W,2023,0.17,0.10439101369863014,0.10932000000000003
W,2023,0.18000000000000002,0.11137868108108111,0.12548400000000004
W,2023,0.19,0.11380219108280261,0.15589599999999998
W,2023,0.2,0.12069445169985082,0.20406000000000013
W,2023,0.21000000000000002,0.12409635855015792,0.21028000000000002
W,2023,0.22,0.1343589925725098,0.23578
W,2023,0.23,0.14140965047073256,0.26698399999999994
W,2023,0.24000000000000002,0.1495244771323053,0.3135920000000001
W,2023,0.25,0.15247472527472528,0.33599999999999997
W,2023,0.26,0.15495314285714284,0.38154
W,2023,0.27,0.1571034082191781,0.417796
W,2023,0.28,0.1576205058295964,0.47006000000000003
W,2023,0.29000000000000004,0.15890953846153846,0.512372
W,2023,0.3,0.1613302172352138,0.5369799999999998
W,2023,0.31,0.16205260431654675,0.578244
W,2023,0.32,0.16522371801315533,0.6673560000000004
W,2023,0.33,0.1681870076687838,0.73096
W,2023,0.34,0.17047336213741965,0.7775200000000003
W,2023,0.35000000000000003,0.17478597827825354,0.8241600000000004
W,2023,0.36000000000000004,0.17836769475357714,0.867436
W,2023,0.37,0.1823939982949702,0.91594
W,2023,0.38,0.1859329493495284,0.956716
W,2023,0.39,0.18974084525499157,1.009688
W,2023,0.4,0.1918806034864047,1.0566
W,2023,0.41000000000000003,0.19494103115479122,1.0674120000000002
W,2023,0.42000000000000004,0.20059751678951682,1.097256
W,2023,0.43,0.2054930072435757,1.119592
W,2023,0.44,0.20954575674996448,1.1620439999999999
W,2023,0.45,0.21151784909303026,1.21692
W,2023,0.46,0.21232204255319148,1.254696
W,2023,0.47000000000000003,0.2142882323668447,1.307156
W,2023,0.48000000000000004,0.22121669496409857,1.3656600000000008
W,2023,0.49,0.2290038185553273,1.41714
W,2023,0.5,0.23060834724540896,1.4633
W,2023,0.51,0.23306399795064472,1.50792
W,2023,0.52,0.23576338985632977,1.549576
W,2023,0.53,0.2401192504492336,1.619968
W,2023,0.54,0.2432270925734154,1.6477920000000001
W,2023,0.55,0.24647458768468267,1.6945400000000002
W,2023,0.56,0.24869422577413583,1.723168
W,2023,0.5700000000000001,0.2496616054349627,1.8208160000000004
W,2023,0.5800000000000001,0.2528240508264038,2.0265440000000003
W,2023,0.59,0.25429570544588725,2.117479999999999
W,2023,0.6,0.2563072388280557,2.2170799999999997
W,2023,0.61,0.25845041172627115,2.257116
W,2023,0.62,0.2612217112831985,2.260424
W,2023,0.63,0.26369679054411366,2.3215960000000004
W,2023,0.64,0.2660035531925368,2.4716360000000006
W,2023,0.65,0.2696746666666667,2.5309800000000005
W,2023,0.66,0.2726188718754614,2.609868
W,2023,0.67,0.27541529606312465,2.7709840000000012
W,2023,0.68,0.27658547474071593,2.8513520000000003
W,2023,0.6900000000000001,0.2782691423446509,2.906592000000001
W,2023,0.7000000000000001,0.28660743381389264,3.0419400000000008
W,2023,0.7100000000000001,0.288755893428064,3.191724000000001
W,2023,0.72,0.2900320218129108,3.25526
W,2023,0.73,0.2909579202260091,3.34712
W,2023,0.74,0.2929272118226601,3.412976
W,2023,0.75,0.2982582857142857,3.6214
W,2023,0.76,0.29882193655799655,3.703444
W,2023,0.77,0.3067646268213408,3.8223119999999997
W,2023,0.78,0.3225760512205843,4.000996
W,2023,0.79,0.32548901001338515,4.046507999999999
W,2023,0.8,0.3273921976849548,4.146880000000007
W,2023,0.81,0.32954792219432644,4.459424
W,2023,0.8200000000000001,0.33396953457697387,4.532848000000001
W,2023,0.8300000000000001,0.3361061366459627,4.652664000000001
W,2023,0.8400000000000001,0.33702983924937224,4.780388
W,2023,0.85,0.34195110190936284,4.9116
W,2023,0.86,0.3492913597111689,5.066551999999999
W,2023,0.87,0.3646688674185997,5.155696
W,2023,0.88,0.37402547368421046,5.182087999999999
W,2023,0.89,0.3885598237454101,5.284044000000001
W,2023,0.9,0.39622441265841546,5.600719999999998
W,2023,0.91,0.40932687474135643,5.921532000000001
W,2023,0.92,0.41553823950203417,6.075811999999999
W,2023,0.93,0.43167791108008163,6.170636
W,2023,0.9400000000000001,0.461998597752809,6.309867999999998
W,2023,0.9500000000000001,0.4717052313179954,6.764500000000002
W,2023,0.9600000000000001,0.501678338146251,6.980292000000006
W,2023,0.97,0.5187198340679283,7.186783999999998
W,2023,0.98,0.5297905145472377,7.628807999999999
W,2023,0.99,0.7054463241106658,8.521555999999997
W,2023,1.0,1.0610823529411764,9.628
W,2024,0.01,-0.33536661098901094,-0.125078
W,2024,0.02,-0.32154242201834865,-0.07296399999999999
W,2024,0.03,-0.24037661538461538,-0.049486
W,2024,0.04,-0.14160290909090908,-0.041527999999999995
W,2024,0.05,-0.0726469222343921,-0.03362000000000001
W,2024,0.060000000000000005,-0.04645891084337351,-0.026524000000000002
W,2024,0.06999999999999999,-0.028243591836734715,-0.021884000000000008
W,2024,0.08,-0.014370355869776887,-0.009759999999999991
W,2024,0.09,0.0011569230769230751,0.0004699999999999993
W,2024,0.09999999999999999,0.01830390018714908,0.003909999999999986
W,2024,0.11,0.024052947014732484,0.008505999999999991
W,2024,0.12,0.029392374339622638,0.01697200000000001
W,2024,0.13,0.0382353469387755,0.021837000000000002
W,2024,0.14,0.04859350566185084,0.024772
W,2024,0.15000000000000002,0.0513906191369606,0.032160000000000015
W,2024,0.16,0.06144034268000564,0.042236000000000024
W,2024,0.17,0.06724569899665553,0.055854452331000004
W,2024,0.18000000000000002,0.07390963401815576,0.061518246726000037
W,2024,0.19,0.07777263157894738,0.06729000000000002
W,2024,0.2,0.09070344827586209,0.0836
W,2024,0.21000000000000002,0.10607169608492496,0.09173600000000004
W,2024,0.22,0.11366027300312424,0.09622599999999998
W,2024,0.23,0.12084443260099224,0.12077700000000002
W,2024,0.24000000000000002,0.124368971763979,0.14372400000000002
W,2024,0.25,0.12726081177767323,0.16519999999999999
W,2024,0.26,0.13476905825168597,0.18852
W,2024,0.27,0.1409827550260611,0.206697
W,2024,0.28,0.1471371360613135,0.21452000000000004
W,2024,0.29000000000000004,0.15402170792556497,0.22342700000000004
W,2024,0.3,0.1631236079652909,0.23081000000000002
W,2024,0.31,0.16512870180032732,0.25653999999999993
W,2024,0.32,0.16881036889274875,0.28681200000000007
W,2024,0.33,0.1700218831464771,0.33076
W,2024,0.34,0.17192376652909963,0.354958
W,2024,0.35000000000000003,0.174915620453924,0.35902
W,2024,0.36000000000000004,0.1782470151536106,0.37814400000000026
W,2024,0.37,0.17916478510028652,0.4276219999999999
W,2024,0.38,0.18324070891189093,0.438852
W,2024,0.39,0.18696712626959247,0.4601240000000002
W,2024,0.4,0.1893344273261407,0.4955800000000001
W,2024,0.41000000000000003,0.19282166300946516,0.5108690000000001
W,2024,0.42000000000000004,0.19573282451071256,0.7154500000000017
W,2024,0.43,0.19806691055733636,0.7584469999999999
W,2024,0.44,0.19946130737704915,0.800464
W,2024,0.45,0.2018962116101545,0.8597300000000005
W,2024,0.46,0.20696785865724387,0.9493600000000001
W,2024,0.47000000000000003,0.2102135449435792,0.9671540000000004
W,2024,0.48000000000000004,0.21037911484593838,1.037612
W,2024,0.49,0.21139644987243691,1.077082
W,2024,0.5,0.2140525804673457,1.1091
W,2024,0.51,0.2166946165995283,1.240738
W,2024,0.52,0.21849209412511392,1.354296
W,2024,0.53,0.22271676498905907,1.373277
W,2024,0.54,0.22492765032417864,1.4063240000000001
W,2024,0.55,0.2264172319512598,1.502715
W,2024,0.56,0.2278533270738015,1.51106
W,2024,0.5700000000000001,0.23026447771236336,1.5731630000000014
W,2024,0.5800000000000001,0.23262579211141154,1.6682080000000004
W,2024,0.59,0.23854204799744094,1.721088
W,2024,0.6,0.24242006408075517,1.9166399999999995
W,2024,0.61,0.24761516196564196,2.0719279999999998
W,2024,0.62,0.2506052647574518,2.10359
W,2024,0.63,0.25216291458200074,2.163923
W,2024,0.64,0.2536117294843441,2.256332
W,2024,0.65,0.2555679285235649,2.3155850000000004
W,2024,0.66,0.260634255364351,2.4054680000000004
W,2024,0.67,0.2658416671107111,2.503847000000001
W,2024,0.68,0.2706015204072902,2.5482520000000006
W,2024,0.6900000000000001,0.2739749162912408,2.6441430000000006
W,2024,0.7000000000000001,0.27751258079951047,2.83665
W,2024,0.7100000000000001,0.2778931141547009,2.844822
W,2024,0.72,0.2826224203060492,2.9127999999999994
W,2024,0.73,0.28989435357126886,2.969765
W,2024,0.74,0.2957826721201455,2.992472
W,2024,0.75,0.3009071243519268,3.1130500000000003
W,2024,0.76,0.30238288171118194,3.2156720000000005
W,2024,0.77,0.30577842709182934,3.466039999999999
W,2024,0.78,0.3109486486486487,3.5302860000000003
W,2024,0.79,0.3170253509712318,3.6391899999999993
W,2024,0.8,0.32195037006237015,3.7296600000000004
W,2024,0.81,0.33411811886304926,3.9016460000000004
W,2024,0.8200000000000001,0.3460539807425473,4.02229
W,2024,0.8300000000000001,0.3509168914621036,4.234566000000003
W,2024,0.8400000000000001,0.3606622990022637,4.516308000000002
W,2024,0.85,0.3860957303261695,4.629089999999999
W,2024,0.86,0.39710034049018805,4.670962
W,2024,0.87,0.401630453046595,4.866916000000001
W,2024,0.88,0.40770908953746055,5.029648
W,2024,0.89,0.41199354662104365,5.073463
W,2024,0.9,0.4148,5.155070000000002
W,2024,0.91,0.4313829849157054,5.2656540000000005
W,2024,0.92,0.44525000696864125,5.324712000000001
W,2024,0.93,0.45832513092979116,5.578667
W,2024,0.9400000000000001,0.4845510663272142,5.770494000000004
W,2024,0.9500000000000001,0.53422871710367,6.176865000000001
W,2024,0.9600000000000001,0.5921666412119722,6.342036000000001
W,2024,0.97,0.7391092998988865,6.499828
W,2024,0.98,0.983631428571429,6.9025360000000004
W,2024,0.99,1.1134470944680843,8.62707099999998
W,2024,1.0,2.3418352941176472,11.1165
W,2025,0.01,-0.162624,-0.1081
W,2025,0.02,-0.10975670103092783,-0.06690000000000002
W,2025,0.03,-0.0858,-0.0419
W,2025,0.04,-0.045381818181818176,-0.03109999999999999
W,2025,0.05,-0.030779381443298958,-0.0231
W,2025,0.060000000000000005,-0.02726399999999999,-0.014299999999999988
W,2025,0.06999999999999999,-0.014262857142857157,-0.006400000000000001
W,2025,0.08,-0.002742857142857143,-0.00039999999999999996
W,2025,0.09,0.013963636363636359,0.015999999999999993
W,2025,0.09999999999999999,0.03166567164179104,0.026399999999999986
W,2025,0.11,0.04639205955334987,0.038599999999999995
W,2025,0.12,0.05292307692307693,0.0424
W,2025,0.13,0.06991698113207546,0.045399999999999996
W,2025,0.14,0.07318588235294118,0.05780000000000001
W,2025,0.15000000000000002,0.07783783783783783,0.06580000000000004
W,2025,0.16,0.07805980066445181,0.07899999999999999
W,2025,0.17,0.08243478260869563,0.0973
W,2025,0.18000000000000002,0.0863083219645294,0.11490000000000025
W,2025,0.19,0.09444102564102563,0.1527
W,2025,0.2,0.09553564668769716,0.16440000000000002
W,2025,0.21000000000000002,0.10058960244648321,0.1952000000000001
W,2025,0.22,0.10257431906614788,0.2197
W,2025,0.23,0.11071353032659409,0.221
W,2025,0.24000000000000002,0.12913333333333338,0.22370000000000007
W,2025,0.25,0.13752743764172337,0.2348
W,2025,0.26,0.14470892307692307,0.279
W,2025,0.27,0.1527,0.3347
W,2025,0.28,0.15358741808650067,0.34180000000000005
W,2025,0.29000000000000004,0.15794561101549054,0.34780000000000016
W,2025,0.3,0.16003114355231143,0.37440000000000007
W,2025,0.31,0.1619898181818182,0.38949999999999996
W,2025,0.32,0.16354461538461534,0.4087
W,2025,0.33,0.16638992125984253,0.4322
W,2025,0.34,0.16731916624300963,0.4557
W,2025,0.35000000000000003,0.17092413793103448,0.4723
W,2025,0.36000000000000004,0.1735846153846154,0.48949999999999994
W,2025,0.37,0.17812754409769335,0.5492
W,2025,0.38,0.18159999999999998,0.5908
W,2025,0.39,0.18731616650532432,0.6022000000000001
W,2025,0.4,0.1901142857142857,0.659
W,2025,0.41000000000000003,0.19877912023460412,0.7356
W,2025,0.42000000000000004,0.20146996466431097,0.7749000000000001
W,2025,0.43,0.20352,0.8169000000000001
W,2025,0.44,0.20523243243243244,0.8437
W,2025,0.45,0.2060307692307692,0.875
W,2025,0.46,0.20822222222222223,0.9348000000000001
W,2025,0.47000000000000003,0.21074655870445347,0.9463999999999999
W,2025,0.48000000000000004,0.21412105263157902,0.9986000000000005
W,2025,0.49,0.216273361910594,1.1006
W,2025,0.5,0.21684928909952608,1.1315
W,2025,0.51,0.21781747572815535,1.1366
W,2025,0.52,0.220448167539267,1.1949
W,2025,0.53,0.22147087198515775,1.3026
W,2025,0.54,0.22430339892665477,1.3921000000000001
W,2025,0.55,0.22834504792332275,1.4831
W,2025,0.56,0.23064000000000004,1.4977000000000014
W,2025,0.5700000000000001,0.2352267008985879,1.6267000000000003
W,2025,0.5800000000000001,0.23621204819277114,1.6561000000000003
W,2025,0.59,0.23811971557853914,1.874
W,2025,0.6,0.23981520692974015,1.8953
W,2025,0.61,0.24359060052219322,1.9424000000000001
W,2025,0.62,0.24559151943462895,1.9524
W,2025,0.63,0.2507064406779661,2.0554
W,2025,0.64,0.25355408507765026,2.2382
W,2025,0.65,0.2591771971496437,2.2752
W,2025,0.66,0.26084819277108434,2.4291
W,2025,0.67,0.26329887640449434,2.4683
W,2025,0.68,0.26650859728506787,2.6122
W,2025,0.6900000000000001,0.26768516129032255,2.7114000000000003
W,2025,0.7000000000000001,0.2695384615384615,2.7741
W,2025,0.7100000000000001,0.27089387755102046,2.8336000000000006
W,2025,0.72,0.27435674445076835,2.8914
W,2025,0.73,0.27992405891980365,3.0693
W,2025,0.74,0.2861996472663139,3.0981
W,2025,0.75,0.2875383477188656,3.1744
W,2025,0.76,0.300597628458498,3.2605
W,2025,0.77,0.3050015267175573,3.4282999999999997
W,2025,0.78,0.30528209036472514,3.5635
W,2025,0.79,0.312758932238193,3.652
W,2025,0.8,0.31409900110987793,3.7304000000000004
W,2025,0.81,0.3259659130434783,3.8372
W,2025,0.8200000000000001,0.3380419047619047,3.9116
W,2025,0.8300000000000001,0.3427764705882353,4.0157
W,2025,0.8400000000000001,0.35195280235988197,4.243800000000003
W,2025,0.85,0.3525611374407583,4.3746
W,2025,0.86,0.36966895951240747,4.4042
W,2025,0.87,0.38641808396124866,4.9185
W,2025,0.88,0.397068721109399,5.039
W,2025,0.89,0.4003591836734694,5.1835
W,2025,0.9,0.4131657142857143,5.3448
W,2025,0.91,0.4330409638554218,5.3687
W,2025,0.92,0.4371847640704946,5.4718
W,2025,0.93,0.44658897637795275,5.8132
W,2025,0.9400000000000001,0.4522666666666667,5.895899999999999
W,2025,0.9500000000000001,0.46141016949152547,6.3376
W,2025,0.9600000000000001,0.4696936454849504,6.655200000000023
W,2025,0.97,0.4910117647058824,7.4788
W,2025,0.98,0.5327297560975609,7.6697999999999995
W,2025,0.99,0.5449967213114754,8.8451
W,2025,1.0,0.7739514018691589,10.4072
W,2026,0.01,-0.3326848,-0.182931
W,2026,0.02,-0.17513723076923077,-0.142878
W,2026,0.03,-0.09351572519083971,-0.10675399999999999
W,2026,0.04,-0.027643568281793162,-0.032392
W,2026,0.05,0.010424957651044588,0.006099999999999996
W,2026,0.060000000000000005,0.028977175412293853,0.019119999999999998
W,2026,0.06999999999999999,0.03257039902478667,0.02430099999999999
W,2026,0.08,0.0367060772506976,0.031636000000000004
W,2026,0.09,0.05299969202226344,0.038064999999999995
W,2026,0.09999999999999999,0.059233684210526306,0.04278
W,2026,0.11,0.06283510905531504,0.044428999999999996
W,2026,0.12,0.07638465306122447,0.060783999999999956
W,2026,0.13,0.08682504339818121,0.09023600000000001
W,2026,0.14,0.09870678669275929,0.10666400000000001
W,2026,0.15000000000000002,0.10413820226825385,0.11862000000000004
W,2026,0.16,0.10946762981752721,0.12996400000000002
W,2026,0.17,0.11917563145597763,0.16541300000000003
W,2026,0.18000000000000002,0.12447686182332235,0.175072
W,2026,0.19,0.12523888806696515,0.19764400000000004
W,2026,0.2,0.12627477081178246,0.23007999999999992
W,2026,0.21000000000000002,0.12838655589714257,0.25913
W,2026,0.22,0.1325394964384298,0.282796
W,2026,0.23,0.1345590713926298,0.301341
W,2026,0.24000000000000002,0.14157201131894803,0.314684
W,2026,0.25,0.1474329852007333,0.32509999999999994
W,2026,0.26,0.14939321550387596,0.39081800000000005
W,2026,0.27,0.15339246673326676,0.40078500000000006
W,2026,0.28,0.1558871434337906,0.403568
W,2026,0.29000000000000004,0.15980390053802532,0.4223500000000001
W,2026,0.3,0.16144382134714785,0.45161000000000007
W,2026,0.31,0.16344966898447605,0.480614
W,2026,0.32,0.16549105188238286,0.506796
W,2026,0.33,0.16736526305187177,0.539073
W,2026,0.34,0.16908374817391306,0.5745120000000001
W,2026,0.35000000000000003,0.1695048673272854,0.58968
W,2026,0.36000000000000004,0.17372116276458222,0.64054
W,2026,0.37,0.17553212405040666,0.655984
W,2026,0.38,0.17784812646384346,0.660756
W,2026,0.39,0.1789676590591523,0.671228
W,2026,0.4,0.1810426044127658,0.7220399999999998
W,2026,0.41000000000000003,0.18334117251100185,0.742611
W,2026,0.42000000000000004,0.18772165591257117,0.774262
W,2026,0.43,0.1910591880989277,0.782225
W,2026,0.44,0.1958239670917318,0.8447279999999999
W,2026,0.45,0.19894693720453502,0.85489
W,2026,0.46,0.20156790348231424,0.8637760000000001
W,2026,0.47000000000000003,0.20497078651685394,0.876043
W,2026,0.48000000000000004,0.2072836983716878,0.884764
W,2026,0.49,0.20802020084735098,0.8983340000000001
W,2026,0.5,0.20885203820624898,0.92855
W,2026,0.51,0.2116227580272092,1.0113949999999998
W,2026,0.52,0.2130835676734202,1.0352200000000003
W,2026,0.53,0.22004696521989078,1.0673320000000002
W,2026,0.54,0.22833102912621364,1.1083200000000002
W,2026,0.55,0.2325758013873677,1.1335400000000002
W,2026,0.56,0.23414558837173344,1.196212
W,2026,0.5700000000000001,0.23732673762741271,1.2181080000000002
W,2026,0.5800000000000001,0.2393072700749923,1.255678
W,2026,0.59,0.23952361360627045,1.2798629999999998
W,2026,0.6,0.24703532053398744,1.30246
W,2026,0.61,0.25268637333612826,1.414951
W,2026,0.62,0.2569563275758357,1.440222
W,2026,0.63,0.2580497232886813,1.457958
W,2026,0.64,0.25973400873170593,1.5000840000000002
W,2026,0.65,0.2602641217930399,1.52704
W,2026,0.66,0.26387751350343847,1.528948
W,2026,0.67,0.26491833666486136,1.607791
W,2026,0.68,0.26747492173913046,1.6203880000000002
W,2026,0.6900000000000001,0.2689398214285714,1.660562
W,2026,0.7000000000000001,0.2705537986676536,1.66862
W,2026,0.7100000000000001,0.280342083296698,1.8180560000000021
W,2026,0.72,0.2838216456432165,1.872872
W,2026,0.73,0.288266012195122,1.9079340000000002
W,2026,0.74,0.2910534527919491,1.9999319999999992
W,2026,0.75,0.29615824972737187,2.0649249999999997
W,2026,0.76,0.3033004790443007,2.1852480000000005
W,2026,0.77,0.3077841298913677,2.3109929999999994
W,2026,0.78,0.3145456872357982,2.42935
W,2026,0.79,0.3209636986727689,2.5440120000000004
W,2026,0.8,0.3265842450528599,2.66432
W,2026,0.81,0.3348306565656566,2.7437690000000003
W,2026,0.8200000000000001,0.34145043988269796,2.854066
W,2026,0.8300000000000001,0.3442952827817344,2.864004
W,2026,0.8400000000000001,0.35087675048355904,2.9789840000000005
W,2026,0.85,0.3545089411764706,3.0778299999999987
W,2026,0.86,0.3672527692307692,3.166402
W,2026,0.87,0.3812515394404658,3.2381260000000007
W,2026,0.88,0.3842253553336837,3.3145639999999994
W,2026,0.89,0.393086993006993,3.377507
W,2026,0.9,0.39868313043478276,3.44058
W,2026,0.91,0.4150294982310413,3.469349999999999
W,2026,0.92,0.4184920580906106,3.793848000000001
W,2026,0.93,0.4339620878048782,3.8710840000000006
W,2026,0.9400000000000001,0.45169491210462753,4.109720000000006
W,2026,0.9500000000000001,0.4622524027141728,4.8563
W,2026,0.9600000000000001,0.49660619065865785,5.112960000000004
W,2026,0.97,0.5079454878892734,5.4898169999999995
W,2026,0.98,0.552225387778091,5.795284000000002
W,2026,0.99,0.6268161739130431,6.446815999999986
W,2026,1.0,0.9133935483870966,8.2828
CM,2022,0.01,-0.1988480972644377,-0.23083099999999998
CM,2022,0.02,-0.15392492307692307,-0.147442
CM,2022,0.03,-0.14763200000000004,-0.08855
CM,2022,0.04,-0.128256,-0.05668800000000001
CM,2022,0.05,-0.11335999999999999,-0.05547499999999998
CM,2022,0.060000000000000005,-0.08275286486486487,-0.04881200000000001
CM,2022,0.06999999999999999,-0.06965535135135136,-0.04420300000000001
CM,2022,0.08,-0.053467306666666665,-0.027672
CM,2022,0.09,-0.041748037281553414,-0.013466000000000002
CM,2022,0.09999999999999999,-0.024856341541824735,-0.009050000000000004
CM,2022,0.11,-0.019049604785302283,-0.005174
CM,2022,0.12,-0.010877717491484681,-0.0009999999999999996
CM,2022,0.13,0.0029327069452286894,0.003917000000000007
CM,2022,0.14,0.009190663627922702,0.004226000000000001
CM,2022,0.15000000000000002,0.017167362480319737,0.006740000000000015
CM,2022,0.16,0.023882419629789077,0.01540800000000001
CM,2022,0.17,0.030288750263858872,0.02440300000000001
CM,2022,0.18000000000000002,0.03381550212085392,0.027485999999999997
CM,2022,0.19,0.040680579314559255,0.039129000000000004
CM,2022,0.2,0.044217388910859766,0.05582000000000002
CM,2022,0.21000000000000002,0.05064376070087612,0.062623
CM,2022,0.22,0.0573696,0.072376
CM,2022,0.23,0.06011140204581473,0.08265800000000001
CM,2022,0.24000000000000002,0.0608036562946929,0.10752000000000007
CM,2022,0.25,0.06511062967363197,0.11965
CM,2022,0.26,0.06915167743398405,0.13374800000000003
CM,2022,0.27,0.07082986879407366,0.14598600000000003
CM,2022,0.28,0.07164572610181372,0.14926
CM,2022,0.29000000000000004,0.07273446650674302,0.15515500000000002
CM,2022,0.3,0.07529821803293965,0.16040999999999997
CM,2022,0.31,0.07557393752657043,0.168433
CM,2022,0.32,0.08147438000470887,0.17197600000000002
CM,2022,0.33,0.08359397629022865,0.17586200000000002
CM,2022,0.34,0.08400954545454545,0.1880160000000001
CM,2022,0.35000000000000003,0.08448581785003317,0.2196200000000001
CM,2022,0.36000000000000004,0.08513928890981874,0.24714400000000003
CM,2022,0.37,0.09182006427156447,0.25892199999999993
CM,2022,0.38,0.10044843093252465,0.305056
CM,2022,0.39,0.1021189438961039,0.3215990000000001
CM,2022,0.4,0.10219492825258573,0.35928000000000004
CM,2022,0.41000000000000003,0.10241284350218481,0.38363400000000036
CM,2022,0.42000000000000004,0.10286218867924529,0.4626000000000001
CM,2022,0.43,0.10415320754716981,0.478937
CM,2022,0.44,0.1059081630094044,0.48330799999999996
CM,2022,0.45,0.10679961464943805,0.486385
CM,2022,0.46,0.10729385474375323,0.4989340000000001
CM,2022,0.47000000000000003,0.10859588939073284,0.5534420000000003
CM,2022,0.48000000000000004,0.11089397914262729,0.614292
CM,2022,0.49,0.11168991184818895,0.6630689999999998
CM,2022,0.5,0.11300338773936514,0.71885
CM,2022,0.51,0.1151676182293271,0.731383
CM,2022,0.52,0.12137121780913572,0.7666720000000001
CM,2022,0.53,0.1295474706867672,0.792601
CM,2022,0.54,0.13323252643307032,0.7958120000000001
CM,2022,0.55,0.1372734732716401,0.8166250000000002
CM,2022,0.56,0.13930075771971495,0.8481080000000002
CM,2022,0.5700000000000001,0.13976328599429794,0.8721000000000002
CM,2022,0.5800000000000001,0.14065626066592,0.962704000000001
CM,2022,0.59,0.14256121174168299,1.002587
CM,2022,0.6,0.143444915851272,1.07472
CM,2022,0.61,0.14674411152750708,1.108102
CM,2022,0.62,0.14963146406887926,1.1777060000000001
CM,2022,0.63,0.150092445191788,1.190992
CM,2022,0.64,0.15064118618123934,1.259656
CM,2022,0.65,0.15077683675935705,1.30417
CM,2022,0.66,0.15456071148346562,1.3325620000000002
CM,2022,0.67,0.15761643338970024,1.3767080000000003
CM,2022,0.68,0.16132431338810077,1.4075680000000002
CM,2022,0.6900000000000001,0.1633856536919998,1.4195640000000005
CM,2022,0.7000000000000001,0.17031947499854813,1.4647500000000002
CM,2022,0.7100000000000001,0.17287621467132425,1.531567000000003
CM,2022,0.72,0.17582573650950728,1.79412
CM,2022,0.73,0.18586465563568594,1.829227
CM,2022,0.74,0.18908850748065933,1.88905
CM,2022,0.75,0.19301731933646232,1.993825
CM,2022,0.76,0.19921163156157148,2.060496
CM,2022,0.77,0.20471223679983588,2.1028320000000003
CM,2022,0.78,0.2053816616808645,2.1341840000000003
CM,2022,0.79,0.20668882650431405,2.201902
CM,2022,0.8,0.20875291821320116,2.291560000000001
CM,2022,0.81,0.21002678770769662,2.385491
CM,2022,0.8200000000000001,0.21531285366960914,2.38898
CM,2022,0.8300000000000001,0.22601121025641036,2.4286730000000007
CM,2022,0.8400000000000001,0.23488163404255324,2.517440000000001
CM,2022,0.85,0.23908300111982084,2.577705
CM,2022,0.86,0.24054833651056776,2.6650679999999998
CM,2022,0.87,0.24207283666720741,2.7516469999999997
CM,2022,0.88,0.2441174053607111,2.813608
CM,2022,0.89,0.24586756615644664,2.8822590000000003
CM,2022,0.9,0.24732085225806166,2.91993
CM,2022,0.91,0.24772672067126586,2.9329240000000003
CM,2022,0.92,0.2594995863735277,3.105920000000001
CM,2022,0.93,0.28876143438421575,3.3149560000000013
CM,2022,0.9400000000000001,0.2997733714934231,3.831964000000004
CM,2022,0.9500000000000001,0.32597219042756886,4.233390000000003
CM,2022,0.9600000000000001,0.33755249594855313,4.374592000000002
CM,2022,0.97,0.34669556823639547,4.755704999999999
CM,2022,0.98,0.4736076694724664,4.901334
CM,2022,0.99,0.6437358707213707,5.0887199999999995
CM,2022,1.0,1.058909090909091,6.2829
CM,2023,0.01,-0.03444933626373626,-0.03533999999999999
CM,2023,0.02,-0.008533580007459898,-0.008676
CM,2023,0.03,0.0,0.0
CM,2023,0.04,0.0,0.0
CM,2023,0.05,0.005331063829787236,0.0019800000000000013
CM,2023,0.060000000000000005,0.01014459627329194,0.0035160000000000026
CM,2023,0.06999999999999999,0.02338929876193254,0.0051660000000000005
CM,2023,0.08,0.0279626218487395,0.01052
CM,2023,0.09,0.03541420109051255,0.011713999999999999
CM,2023,0.09999999999999999,0.03792512977099237,0.01286
CM,2023,0.11,0.0476103660350204,0.017244
CM,2023,0.12,0.05080177777777777,0.018851999999999994
CM,2023,0.13,0.057741714285714285,0.024394000000000006
CM,2023,0.14,0.06846274904149478,0.042408
CM,2023,0.15000000000000002,0.07194067055910777,0.04596
CM,2023,0.16,0.07336838502673797,0.06199600000000006
CM,2023,0.17,0.07952439122257053,0.08398400000000002
CM,2023,0.18000000000000002,0.08092353917467496,0.1090040000000001
CM,2023,0.19,0.08269920810928644,0.12301799999999999
CM,2023,0.2,0.08290243250327654,0.13410275202000002
CM,2023,0.21000000000000002,0.08398027155963304,0.14353209173400003
CM,2023,0.22,0.08482410375700779,0.15873199999999998
CM,2023,0.23,0.08718045327123973,0.184306
CM,2023,0.24000000000000002,0.08839541780535465,0.1888160000000001
CM,2023,0.25,0.09470036945133718,0.20024999999999998
CM,2023,0.26,0.09975529416437066,0.2265560000000001
CM,2023,0.27,0.10310670683357276,0.24100400000000002
CM,2023,0.28,0.10496698181818181,0.24551200000000004
CM,2023,0.29000000000000004,0.11056917190635451,0.27104600000000006
CM,2023,0.3,0.11182993548387096,0.28912
CM,2023,0.31,0.11473787273530711,0.29095600000000005
CM,2023,0.32,0.11589273190711841,0.310084
CM,2023,0.33,0.12026081961698247,0.323206
CM,2023,0.34,0.12153703473350354,0.35802800000000007
CM,2023,0.35000000000000003,0.12308472714528446,0.40335000000000026
CM,2023,0.36000000000000004,0.12450043594646272,0.5059560000000006
CM,2023,0.37,0.12511946189624332,0.5523960000000001
CM,2023,0.38,0.12650249699742636,0.57314
CM,2023,0.39,0.12909412639405207,0.596906
CM,2023,0.4,0.13101491160463613,0.6370400000000002
CM,2023,0.41000000000000003,0.13241287192670226,0.68002
CM,2023,0.42000000000000004,0.13333436828895961,0.7069360000000001
CM,2023,0.43,0.1362269503880118,0.715742
CM,2023,0.44,0.13803643860460812,0.765776
CM,2023,0.45,0.13947301004588863,0.78788
CM,2023,0.46,0.14140070647849864,0.810644
CM,2023,0.47000000000000003,0.14411790440046984,0.842402
CM,2023,0.48000000000000004,0.15192814688759523,0.8576400000000001
CM,2023,0.49,0.15643152623376622,0.8739800000000001
CM,2023,0.5,0.15809333333333334,0.9050999999999999
CM,2023,0.51,0.15972318308421435,0.9248899999999999
CM,2023,0.52,0.163822213739202,0.958604
CM,2023,0.53,0.1648037608217168,1.027994
CM,2023,0.54,0.16573903448275862,1.0645800000000003
CM,2023,0.55,0.16701029300378714,1.0815000000000001
CM,2023,0.56,0.169615337576353,1.1296920000000001
CM,2023,0.5700000000000001,0.1744042753737215,1.164792
CM,2023,0.5800000000000001,0.1809385083583158,1.2044080000000001
CM,2023,0.59,0.18480772078907437,1.210072
CM,2023,0.6,0.19252036724201246,1.2257999999999998
CM,2023,0.61,0.1957643550336798,1.303425999999999
CM,2023,0.62,0.19681403575143605,1.4164800000000002
CM,2023,0.63,0.19966367789349124,1.432568
CM,2023,0.64,0.20041725983149142,1.493988000000001
CM,2023,0.65,0.20258175543662998,1.6880600000000006
CM,2023,0.66,0.20462599487411426,1.7569439999999998
CM,2023,0.67,0.20721978181818182,1.9195080000000007
CM,2023,0.68,0.2117852595744681,1.9602359999999999
CM,2023,0.6900000000000001,0.214432830960523,2.099118000000001
CM,2023,0.7000000000000001,0.22182112692580816,2.1504600000000003
CM,2023,0.7100000000000001,0.224734676403964,2.2172780000000003
CM,2023,0.72,0.2271200946745562,2.2243880000000003
CM,2023,0.73,0.22999384615384613,2.3230139999999992
CM,2023,0.74,0.23146464659657512,2.384452
CM,2023,0.75,0.23218035878633658,2.48995
CM,2023,0.76,0.23974207509185422,2.5804
CM,2023,0.77,0.24212868498127427,2.594898
CM,2023,0.78,0.24238767811132086,2.703612
CM,2023,0.79,0.24604536704980848,2.7844580000000008
CM,2023,0.8,0.24681211244979923,2.83412
CM,2023,0.81,0.2480560149137467,2.89397
CM,2023,0.8200000000000001,0.2515776139636364,2.9360839999999997
CM,2023,0.8300000000000001,0.2631751077556887,2.959862
CM,2023,0.8400000000000001,0.2771343939916778,3.0650640000000013
CM,2023,0.85,0.28247390726210847,3.294879999999999
CM,2023,0.86,0.28943319664997885,3.575868
CM,2023,0.87,0.2931766990519388,3.7286020000000004
CM,2023,0.88,0.2956688690146419,3.903692
CM,2023,0.89,0.29687126635001826,4.372724000000003
CM,2023,0.9,0.3081363914544791,4.528300000000001
CM,2023,0.91,0.3141854184697283,4.576194
CM,2023,0.92,0.3241678483804856,4.947912000000002
CM,2023,0.93,0.3336002852049912,5.027908
CM,2023,0.9400000000000001,0.37001570792259947,5.049184
CM,2023,0.9500000000000001,0.40022735664335674,5.234560000000015
CM,2023,0.9600000000000001,0.41792680553532463,5.853592000000001
CM,2023,0.97,0.5340873182811345,6.1589059999999956
CM,2023,0.98,0.8619255595075263,6.347140000000001
CM,2023,0.99,1.0584670015898252,6.575564000000001
CM,2023,1.0,1.1812363636363636,7.764200000000001
CM,2024,0.01,-0.17664000000000002,-0.13285
CM,2024,0.02,-0.09199120879120881,-0.0807
CM,2024,0.03,-0.05885235243798117,-0.03465
CM,2024,0.04,-0.04427906976744186,-0.008900000000000002
CM,2024,0.05,-0.021350121065375295,-0.004949999999999996
CM,2024,0.060000000000000005,0.012398206278026909,0.0049
CM,2024,0.06999999999999999,0.02007785728250244,0.010449999999999994
CM,2024,0.08,0.02483478260869565,0.02
CM,2024,0.09,0.027469357447099288,0.02255
CM,2024,0.09999999999999999,0.03401142857142856,0.0234
CM,2024,0.11,0.03515529619805482,0.0279
CM,2024,0.12,0.042763636363636365,0.030199999999999998
CM,2024,0.13,0.04520588520925094,0.04255260665
CM,2024,0.14,0.04915488721804512,0.0484
CM,2024,0.15000000000000002,0.05077805684071381,0.05620000000000004
CM,2024,0.16,0.056347826086956515,0.064
CM,2024,0.17,0.05684175824175824,0.06775000000000002
CM,2024,0.18000000000000002,0.060399999999999995,0.08990000000000002
CM,2024,0.19,0.06210667467501822,0.09964999999999999
CM,2024,0.2,0.06708884210526316,0.1161
CM,2024,0.21000000000000002,0.06852509027373327,0.12710000000000002
CM,2024,0.22,0.07105064695009243,0.1369
CM,2024,0.23,0.0714483235780804,0.18505
CM,2024,0.24000000000000002,0.07676995305164319,0.2028
CM,2024,0.25,0.07770360839160839,0.21714999999999998
CM,2024,0.26,0.07939555555555555,0.2328
CM,2024,0.27,0.08304708196721314,0.2606
CM,2024,0.28,0.08640000000000002,0.27120000000000016
CM,2024,0.29000000000000004,0.08973924891870662,0.29850000000000004
CM,2024,0.3,0.09244488778054863,0.3043
CM,2024,0.31,0.09330168322600271,0.3096499999999999
CM,2024,0.32,0.09863362831858408,0.3532
CM,2024,0.33,0.1022815034552503,0.36210000000000003
CM,2024,0.34,0.1059739376770538,0.3676
CM,2024,0.35000000000000003,0.1069965298141382,0.38585000000000025
CM,2024,0.36000000000000004,0.10721333333333334,0.4412000000000001
CM,2024,0.37,0.10777901795118482,0.4475
CM,2024,0.38,0.10865242718446602,0.4605999999999999
CM,2024,0.39,0.11116517840463293,0.4829
CM,2024,0.4,0.11187889374090247,0.5429999999999999
CM,2024,0.41000000000000003,0.11330630353953053,0.5652000000000003
CM,2024,0.42000000000000004,0.11368421052631579,0.5864000000000001
CM,2024,0.43,0.11512290738569753,0.6153500000000001
CM,2024,0.44,0.11811061160480918,0.633
CM,2024,0.45,0.11962105263157896,0.6634
CM,2024,0.46,0.12058317757009346,0.7055
CM,2024,0.47000000000000003,0.12272732012286175,0.7796000000000001
CM,2024,0.48000000000000004,0.12523443708609272,0.8041
CM,2024,0.49,0.1265123063328424,0.9511499999999999
CM,2024,0.5,0.12742466567607727,0.9919
CM,2024,0.51,0.12975083242401775,1.08345
CM,2024,0.52,0.13123636363636362,1.1305
CM,2024,0.53,0.13554122086570478,1.15125
CM,2024,0.54,0.13873972602739726,1.1819
CM,2024,0.55,0.14131987816118616,1.2076500000000001
CM,2024,0.56,0.14265939004815417,1.2357
CM,2024,0.5700000000000001,0.1493731886712696,1.2443000000000002
CM,2024,0.5800000000000001,0.15261090909090913,1.263200000000001
CM,2024,0.59,0.15389304433497536,1.3440999999999999
CM,2024,0.6,0.15750167023554604,1.3923
CM,2024,0.61,0.16860105141227838,1.3991500000000001
CM,2024,0.62,0.17205333333333334,1.4392
CM,2024,0.63,0.17742103333315845,1.5041
CM,2024,0.64,0.18000000000000002,1.5485
CM,2024,0.65,0.18503546364018497,1.5601999999999998
CM,2024,0.66,0.1879987321711569,1.614
CM,2024,0.67,0.19089971014492754,1.72085
CM,2024,0.68,0.1970863157894737,1.7894000000000003
CM,2024,0.6900000000000001,0.1983899971711457,1.8056500000000002
CM,2024,0.7000000000000001,0.20063431952662727,1.8468
CM,2024,0.7100000000000001,0.2029911361804996,1.885350000000001
CM,2024,0.72,0.20378181818181818,1.9721
CM,2024,0.73,0.20625750019130118,2.0217
CM,2024,0.74,0.21141419878296147,2.0603000000000002
CM,2024,0.75,0.2140352145470673,2.1397500000000003
CM,2024,0.76,0.21693676248108923,2.1693000000000002
CM,2024,0.77,0.21741051249372415,2.1943
CM,2024,0.78,0.2196451127819549,2.2855
CM,2024,0.79,0.22119928758512314,2.37775
CM,2024,0.8,0.22540371747211896,2.5324
CM,2024,0.81,0.22725265863949626,2.6180500000000015
CM,2024,0.8200000000000001,0.2281041888804265,2.7895
CM,2024,0.8300000000000001,0.2287647981838213,2.79935
CM,2024,0.8400000000000001,0.2296199517296863,2.8457000000000012
CM,2024,0.85,0.23429117647058822,2.93045
CM,2024,0.86,0.2365690337601863,2.9874
CM,2024,0.87,0.23981417633289986,3.00005
CM,2024,0.88,0.24055898734177214,3.1197999999999997
CM,2024,0.89,0.24985247577092512,3.6257
CM,2024,0.9,0.25791824175824174,3.8308999999999997
CM,2024,0.91,0.26527397321780705,3.9926
CM,2024,0.92,0.27071668107173724,4.3684
CM,2024,0.93,0.2971037181996086,4.64115
CM,2024,0.9400000000000001,0.33768611898017,4.8896999999999995
CM,2024,0.9500000000000001,0.38782889137737964,4.96965
CM,2024,0.9600000000000001,0.4014153846153846,5.0011
CM,2024,0.97,0.46063888111888107,5.35195
CM,2024,0.98,0.5130893617021276,5.9462
CM,2024,0.99,0.6316640986132511,6.5616
CM,2024,1.0,1.5168,6.7298
CM,2025,0.01,-0.11413258149779737,-0.21684000000000003
CM,2025,0.02,-0.09314635294117647,-0.028419999999999994
CM,2025,0.03,-0.07540705882352941,-0.0131
CM,2025,0.04,-0.062171428571428565,-0.010440000000000001
CM,2025,0.05,-0.03293445378151261,-0.007000000000000003
CM,2025,0.060000000000000005,-0.015180580789277729,-0.0029999999999999983
CM,2025,0.06999999999999999,0.008994554621848741,0.00559999999999999
CM,2025,0.08,0.015892557303076874,0.037680000000000005
CM,2025,0.09,0.023245046145930464,0.045509999999999995
CM,2025,0.09999999999999999,0.029419354838709673,0.0475
CM,2025,0.11,0.03646782518953678,0.06245000000000002
CM,2025,0.12,0.04235982191673826,0.07824
CM,2025,0.13,0.04937457907159718,0.10409000000000006
CM,2025,0.14,0.05139004051489821,0.11668
CM,2025,0.15000000000000002,0.05429062003179651,0.12590000000000007
CM,2025,0.16,0.0564502091448433,0.1356
CM,2025,0.17,0.057397939963488326,0.1604
CM,2025,0.18000000000000002,0.059476077844120324,0.16430000000000003
CM,2025,0.19,0.0606518359659845,0.18084
CM,2025,0.2,0.06841904761904762,0.2164
CM,2025,0.21000000000000002,0.06866275071633238,0.22787000000000002
CM,2025,0.22,0.07372971900141495,0.23584000000000002
CM,2025,0.23,0.08120037800547197,0.25325000000000003
CM,2025,0.24000000000000002,0.08403551161060999,0.26880000000000004
CM,2025,0.25,0.09104994238335434,0.2823
CM,2025,0.26,0.09551295776337242,0.29196
CM,2025,0.27,0.10251472868217054,0.30010000000000003
CM,2025,0.28,0.10410447598912716,0.31256000000000006
CM,2025,0.29000000000000004,0.10464483654276757,0.31773
CM,2025,0.3,0.10510569105691059,0.3259
CM,2025,0.31,0.1077370501682962,0.33824
CM,2025,0.32,0.1079631112409214,0.34498
CM,2025,0.33,0.10828330118699306,0.3982299999999999
CM,2025,0.34,0.10848785923102675,0.42104
CM,2025,0.35000000000000003,0.10906294681778554,0.43095000000000006
CM,2025,0.36000000000000004,0.11200198501813845,0.44678000000000007
CM,2025,0.37,0.11386804116266475,0.50085
CM,2025,0.38,0.11675984674329502,0.51236
CM,2025,0.39,0.11929781763826608,0.5416600000000001
CM,2025,0.4,0.12025263157894737,0.5602
CM,2025,0.41000000000000003,0.1212088881021397,0.6160900000000001
CM,2025,0.42000000000000004,0.12228657720294425,0.6651800000000004
CM,2025,0.43,0.12293230623979945,0.6902299999999999
CM,2025,0.44,0.12703519445974074,0.7333799999999999
CM,2025,0.45,0.12822325066693013,0.74195
CM,2025,0.46,0.1285451568479941,0.8018000000000003
CM,2025,0.47000000000000003,0.12912152187242953,0.82052
CM,2025,0.48000000000000004,0.13096484151095578,0.83526
CM,2025,0.49,0.13176153335908855,0.8376
CM,2025,0.5,0.13272631578947366,0.8431
CM,2025,0.51,0.13362693357597816,0.87394
CM,2025,0.52,0.13483899789093579,0.88092
CM,2025,0.53,0.13562497970888482,0.9405400000000004
CM,2025,0.54,0.13721537235582557,0.96848
CM,2025,0.55,0.13824249106190217,1.00545
CM,2025,0.56,0.13963110302147796,1.0489800000000005
CM,2025,0.5700000000000001,0.14009918048016118,1.1036400000000004
CM,2025,0.5800000000000001,0.14275983115735744,1.1632200000000004
CM,2025,0.59,0.14728958133669612,1.21352
CM,2025,0.6,0.14801219730941706,1.3284
CM,2025,0.61,0.14888652549451198,1.36604
CM,2025,0.62,0.14999332247344757,1.39522
CM,2025,0.63,0.1506638752527818,1.39795
CM,2025,0.64,0.15447311186440676,1.41504
CM,2025,0.65,0.1548367460035524,1.4901999999999997
CM,2025,0.66,0.15749673083385338,1.51824
CM,2025,0.67,0.15905246753246757,1.5575300000000003
CM,2025,0.68,0.16056407690871757,1.5919999999999999
CM,2025,0.6900000000000001,0.16466412523783508,1.6809400000000005
CM,2025,0.7000000000000001,0.16659130434782607,1.7191000000000005
CM,2025,0.7100000000000001,0.16886917613227903,1.7510400000000002
CM,2025,0.72,0.17356088325677174,1.7812799999999998
CM,2025,0.73,0.17409635593220338,1.8144699999999998
CM,2025,0.74,0.184702818517403,1.87634
CM,2025,0.75,0.1914061891900687,1.9573
CM,2025,0.76,0.19509179327666792,2.08514
CM,2025,0.77,0.1983782668293868,2.1978400000000016
CM,2025,0.78,0.19908311205567364,2.4081800000000007
CM,2025,0.79,0.19978526315789474,2.52929
CM,2025,0.8,0.20606896551724138,2.599
CM,2025,0.81,0.20839946235273016,2.771900000000005
CM,2025,0.8200000000000001,0.2122098627459827,3.1014800000000005
CM,2025,0.8300000000000001,0.21542299226151468,3.1673999999999998
CM,2025,0.8400000000000001,0.22045004804815096,3.1871000000000005
CM,2025,0.85,0.23307621244345925,3.2199
CM,2025,0.86,0.24160721804511273,3.28366
CM,2025,0.87,0.2480667767033105,3.3279699999999997
CM,2025,0.88,0.2523727533447685,3.38844
CM,2025,0.89,0.2573459544571933,3.7543900000000012
CM,2025,0.9,0.27127361963190183,4.0358
CM,2025,0.91,0.2736596850023507,4.18396
CM,2025,0.92,0.28228742314038935,4.5266800000000025
CM,2025,0.93,0.2877634031103481,4.75949
CM,2025,0.9400000000000001,0.29498160406883295,4.908840000000001
CM,2025,0.9500000000000001,0.30296644686838814,5.375900000000009
CM,2025,0.9600000000000001,0.3098914991181659,6.016320000000005
CM,2025,0.97,0.31804843309479924,6.203999999999999
CM,2025,0.98,0.40744604962115416,6.80151999999999
CM,2025,0.99,0.5343162764800148,7.658839999999997
CM,2025,1.0,0.5833142857142858,9.0505
CM,2026,0.01,-0.24566389189189192,-0.210356
CM,2026,0.02,-0.18022856019656017,-0.09956
CM,2026,0.03,-0.09153163636363637,-0.083972
CM,2026,0.04,-0.06755924732505227,-0.070684
CM,2026,0.05,-0.05586382978723403,-0.06399999999999999
CM,2026,0.060000000000000005,-0.04226673417721518,-0.04413599999999998
CM,2026,0.06999999999999999,-0.031985112087416924,-0.03830400000000002
CM,2026,0.08,-0.020444435131331692,-0.033864
CM,2026,0.09,-0.005308304226236628,-0.010544000000000026
CM,2026,0.09999999999999999,-0.0034115858185076184,-0.0019400000000000016
CM,2026,0.11,-0.0002515879683921644,-0.0016480000000000095
CM,2026,0.12,-3.0228782287823244e-05,-0.00025600000000000313
CM,2026,0.13,0.00015558011049723785,0.0001920000000000001
CM,2026,0.14,0.0035449545080521944,0.003264000000000004
CM,2026,0.15000000000000002,0.008926890592936611,0.00670000000000001
CM,2026,0.16,0.012392649895971249,0.010428000000000008
CM,2026,0.17,0.013099961284214994,0.022704000000000016
CM,2026,0.18000000000000002,0.014353938644890759,0.03266400000000001
CM,2026,0.19,0.01627901778741867,0.03902399999999999
CM,2026,0.2,0.026478767146486046,0.04009999999999998
CM,2026,0.21000000000000002,0.03411372161792484,0.048932000000000024
CM,2026,0.22,0.0373188573719555,0.05260799999999998
CM,2026,0.23,0.03856926526112099,0.06699600000000001
CM,2026,0.24000000000000002,0.04408929744252133,0.072464
CM,2026,0.25,0.04613333333333333,0.0757
CM,2026,0.26,0.04891170735922423,0.08911200000000001
CM,2026,0.27,0.050239782756614504,0.09791600000000002
CM,2026,0.28,0.05107938212746843,0.12261200000000001
CM,2026,0.29000000000000004,0.05320936930704141,0.142896
CM,2026,0.3,0.055765735280263774,0.15066000000000002
CM,2026,0.31,0.05704634395329441,0.16716800000000007
CM,2026,0.32,0.060530925880515805,0.187612
CM,2026,0.33,0.06605530517892912,0.19235200000000005
CM,2026,0.34,0.06916123722783779,0.20031600000000002
CM,2026,0.35000000000000003,0.07123746400812905,0.20994000000000007
CM,2026,0.36000000000000004,0.07282600589840414,0.23827600000000007
CM,2026,0.37,0.08106409241054768,0.2812359999999999
CM,2026,0.38,0.08880201273236567,0.30061600000000005
CM,2026,0.39,0.09063923600161383,0.30750400000000006
CM,2026,0.4,0.09157271282556156,0.3138
CM,2026,0.41000000000000003,0.09413866666666669,0.355064
CM,2026,0.42000000000000004,0.09887699718240843,0.3625880000000001
CM,2026,0.43,0.1027654359766407,0.38452
CM,2026,0.44,0.106366128488481,0.39034399999999997
CM,2026,0.45,0.10740475679038322,0.39304
CM,2026,0.46,0.10794957086296512,0.41591200000000017
CM,2026,0.47000000000000003,0.11036940342545044,0.436684
CM,2026,0.48000000000000004,0.1120591562342675,0.4521520000000002
CM,2026,0.49,0.1141170939951138,0.48342799999999986
CM,2026,0.5,0.11498996138996141,0.5805
CM,2026,0.51,0.11588839434427294,0.6185760000000003
CM,2026,0.52,0.1175648418273523,0.651488
CM,2026,0.53,0.11881612374359465,0.65354
CM,2026,0.54,0.12175612367906068,0.67244
CM,2026,0.55,0.125294891966759,0.7213400000000001
CM,2026,0.56,0.1260088880749067,0.732908
CM,2026,0.5700000000000001,0.12672173002660259,0.7525160000000001
CM,2026,0.5800000000000001,0.1286268368372093,0.761588
CM,2026,0.59,0.131434176,0.764316
CM,2026,0.6,0.13761949452084632,0.78572
CM,2026,0.61,0.1393886094634367,0.803072
CM,2026,0.62,0.1404386742857143,0.824096
CM,2026,0.63,0.1421332321315623,0.8642439999999999
CM,2026,0.64,0.14516148416289595,0.926428
CM,2026,0.65,0.14773329147043435,0.9708199999999999
CM,2026,0.66,0.15037136232183967,0.999052
CM,2026,0.67,0.1525598969625103,1.011152
CM,2026,0.68,0.15550648421052635,1.0857320000000006
CM,2026,0.6900000000000001,0.15752644311227154,1.114116
CM,2026,0.7000000000000001,0.15958413518753012,1.1582800000000004
CM,2026,0.7100000000000001,0.16192060429184552,1.2265840000000003
CM,2026,0.72,0.16521307560000803,1.2357399999999996
CM,2026,0.73,0.16702259357010008,1.2671679999999999
CM,2026,0.74,0.16877705351326197,1.276576
CM,2026,0.75,0.17144436779940297,1.3074000000000001
CM,2026,0.76,0.18030486409495552,1.3677000000000001
CM,2026,0.77,0.18291038832304118,1.404724
CM,2026,0.78,0.1870495135135135,1.4461240000000002
CM,2026,0.79,0.19612265484845712,1.502848
CM,2026,0.8,0.19758265998310337,1.5213400000000004
CM,2026,0.81,0.20757045997600612,1.553048
CM,2026,0.8200000000000001,0.21285958648535494,1.627204
CM,2026,0.8300000000000001,0.21695244918399814,1.642272
CM,2026,0.8400000000000001,0.22065368576521519,1.730492000000001
CM,2026,0.85,0.2274802999318337,1.80090658032
CM,2026,0.86,0.23747623064633952,1.82764
CM,2026,0.87,0.248574693302825,1.8350080000000002
CM,2026,0.88,0.2517248,1.868632
CM,2026,0.89,0.25500917232021714,1.914904
CM,2026,0.9,0.2588494761788695,1.9656599999999997
CM,2026,0.91,0.26549119764446083,2.1600360000000016
CM,2026,0.92,0.2731141818181818,2.5347400000000007
CM,2026,0.93,0.3060997010262467,2.688712000000001
CM,2026,0.9400000000000001,0.31890484858439944,2.745184000000001
CM,2026,0.9500000000000001,0.3679707262569835,2.80474
CM,2026,0.9600000000000001,0.39940934468085115,3.162400000000006
CM,2026,0.97,0.42082802285210646,3.326543999999999
CM,2026,0.98,0.4461037313031791,3.66875999999999
CM,2026,0.99,0.5438587474747483,4.443140000000004
CM,2026,1.0,0.6187636363636363,6.8621
AM,2022,0.01,0.09438371010879668,0.115243
AM,2022,0.02,0.09665899530916844,0.120886
AM,2022,0.03,0.09893428050954022,0.126529
AM,2022,0.04,0.10120956570991198,0.132172
AM,2022,0.05,0.10348485091028374,0.137815
AM,2022,0.060000000000000005,0.1057601361106555,0.143458
AM,2022,0.06999999999999999,0.10803542131102728,0.14910099999999998
AM,2022,0.08,0.11031070651139904,0.154744
AM,2022,0.09,0.1125859917117708,0.16038699999999997
AM,2022,0.09999999999999999,0.11730626159841187,0.17978999999999998
AM,2022,0.11,0.12227102995367986,0.200569
AM,2022,0.12,0.12723579830894785,0.221348
AM,2022,0.13,0.13220056666421587,0.24212700000000004
AM,2022,0.14,0.13716533501948386,0.26290600000000003
AM,2022,0.15000000000000002,0.14213010337475188,0.2836850000000001
AM,2022,0.16,0.14709487173001984,0.30446400000000007
AM,2022,0.17,0.15205964008528786,0.32524300000000006
AM,2022,0.18000000000000002,0.15702440844055585,0.3460220000000001
AM,2022,0.19,0.15851973794430985,0.35374200000000006
AM,2022,0.2,0.1592440810366163,0.35856000000000005
AM,2022,0.21000000000000002,0.15996842412892276,0.36337800000000003
AM,2022,0.22,0.16069276722122922,0.368196
AM,2022,0.23,0.16141711031353567,0.373014
AM,2022,0.24000000000000002,0.1621414534058421,0.377832
AM,2022,0.25,0.16286579649814856,0.38265
AM,2022,0.26,0.163590139590455,0.387468
AM,2022,0.27,0.16431448268276147,0.39228599999999997
AM,2022,0.28,0.16571981252098394,0.414056
AM,2022,0.29000000000000004,0.16738051238892496,0.44218300000000005
AM,2022,0.3,0.16904121225686594,0.4703099999999999
AM,2022,0.31,0.17070191212480695,0.498437
AM,2022,0.32,0.17236261199274794,0.526564
AM,2022,0.33,0.17402331186068895,0.554691
AM,2022,0.34,0.17568401172862994,0.5828180000000001
AM,2022,0.35000000000000003,0.17734471159657095,0.6109450000000001
AM,2022,0.36000000000000004,0.17900541146451196,0.6390720000000001
AM,2022,0.37,0.18014661565983212,0.650602
AM,2022,0.38,0.18099096518508326,0.652648
AM,2022,0.39,0.18183531471033437,0.654694
AM,2022,0.4,0.18267966423558551,0.65674
AM,2022,0.41000000000000003,0.18352401376083666,0.658786
AM,2022,0.42000000000000004,0.1843683632860878,0.660832
AM,2022,0.43,0.18521271281133891,0.662878
AM,2022,0.44,0.18605706233659006,0.664924
AM,2022,0.45,0.1869014118618412,0.66697
AM,2022,0.46,0.1873130585299779,0.674974
AM,2022,0.47000000000000003,0.18736411948385256,0.687943
AM,2022,0.48000000000000004,0.18741518043772723,0.700912
AM,2022,0.49,0.1874662413916019,0.713881
AM,2022,0.5,0.1875173023454766,0.72685
AM,2022,0.51,0.18756836329935125,0.739819
AM,2022,0.52,0.18761942425322592,0.7527880000000001
AM,2022,0.53,0.18767048520710058,0.765757
AM,2022,0.54,0.18772154616097525,0.7787260000000001
AM,2022,0.55,0.1895551192002051,0.7959650000000001
AM,2022,0.56,0.19352770674186107,0.818328
AM,2022,0.5700000000000001,0.19750029428351706,0.8406910000000001
AM,2022,0.5800000000000001,0.20147288182517306,0.8630540000000002
AM,2022,0.59,0.205445469366829,0.8854169999999999
AM,2022,0.6,0.209418056908485,0.9077799999999999
AM,2022,0.61,0.213390644450141,0.9301429999999999
AM,2022,0.62,0.217363231991797,0.9525060000000001
AM,2022,0.63,0.22133581953345294,0.9748689999999999
AM,2022,0.64,0.22715763323581978,1.020756
AM,2022,0.65,0.23621559271943052,1.1078100000000002
AM,2022,0.66,0.24527355220304128,1.1948640000000006
AM,2022,0.67,0.25433151168665197,1.2819180000000001
AM,2022,0.68,0.26338947117026273,1.3689720000000003
AM,2022,0.6900000000000001,0.2724474306538735,1.4560260000000005
AM,2022,0.7000000000000001,0.2815053901374842,1.543080000000001
AM,2022,0.7100000000000001,0.2905633496210949,1.6301340000000004
AM,2022,0.72,0.2996213091047056,1.717188
AM,2022,0.73,0.3066060266136935,1.7835869999999998
AM,2022,0.74,0.3080620988570206,1.7949060000000001
AM,2022,0.75,0.30951817110034774,1.806225
AM,2022,0.76,0.3109742433436748,1.8175439999999998
AM,2022,0.77,0.3124303155870019,1.8288630000000001
AM,2022,0.78,0.31388638783032896,1.840182
AM,2022,0.79,0.3153424600736561,1.851501
AM,2022,0.8,0.3167985323169832,1.8628200000000001
AM,2022,0.81,0.31825460456031024,1.874139
AM,2022,0.8200000000000001,0.3201028929306336,1.9504660000000045
AM,2022,0.8300000000000001,0.3237161538724399,2.3193290000000024
AM,2022,0.8400000000000001,0.3273294148142462,2.688192000000001
AM,2022,0.85,0.33094267575605246,3.0570549999999987
AM,2022,0.86,0.33455593669785877,3.4259179999999967
AM,2022,0.87,0.33816919763966513,3.794781000000001
AM,2022,0.88,0.34178245858147144,4.163643999999999
AM,2022,0.89,0.3453957195232778,4.532507000000003
AM,2022,0.9,0.34900898046508405,4.901370000000001
AM,2022,0.91,0.3557668255080588,5.252305
AM,2022,0.92,0.3939705115627194,5.423960000000002
AM,2022,0.93,0.4321741976173793,5.5956150000000004
AM,2022,0.9400000000000001,0.47037788367203925,5.76727
AM,2022,0.9500000000000001,0.5085815697266998,5.938925000000002
AM,2022,0.9600000000000001,0.5467852557813597,6.110580000000001
AM,2022,0.97,0.5849889418360197,6.282235
AM,2022,0.98,0.6231926278906796,6.4538899999999995
AM,2022,0.99,0.6613963139453402,6.625545000000001
AM,2022,1.0,0.6996000000000001,6.7972
AM,2023,0.01,-0.15896154037267082,-0.13616699999999998
AM,2023,0.02,-0.1447802236024845,-0.120834
AM,2023,0.03,-0.13059890683229813,-0.10550100000000001
AM,2023,0.04,-0.1164175900621118,-0.090168
AM,2023,0.05,-0.10223627329192546,-0.074835
AM,2023,0.060000000000000005,-0.08916573913043477,-0.062372
AM,2023,0.06999999999999999,-0.07649191304347827,-0.05093400000000001
AM,2023,0.08,-0.06381808695652173,-0.039496
AM,2023,0.09,-0.05114426086956522,-0.028058000000000007
AM,2023,0.09999999999999999,-0.038470434782608705,-0.016620000000000006
AM,2023,0.11,-0.02762806451612904,-0.009223000000000002
AM,2023,0.12,-0.018820645161290332,-0.006316000000000003
AM,2023,0.13,-0.010013225806451604,-0.0034089999999999962
AM,2023,0.14,-0.0012058064516128949,-0.0005019999999999972
AM,2023,0.15000000000000002,0.007601612903225834,0.002405000000000009
AM,2023,0.16,0.015303845161290328,0.005236000000000001
AM,2023,0.17,0.018861625806451628,0.007782000000000006
AM,2023,0.18000000000000002,0.022419406451612917,0.010328000000000004
AM,2023,0.19,0.0259771870967742,0.012873999999999997
AM,2023,0.2,0.029534967741935498,0.015420000000000003
AM,2023,0.21000000000000002,0.03309274838709679,0.017966
AM,2023,0.22,0.034911291032403924,0.021393999999999996
AM,2023,0.23,0.03663320934438584,0.024871000000000008
AM,2023,0.24000000000000002,0.038355127656367755,0.02834800000000002
AM,2023,0.25,0.04007704596834967,0.03182500000000001
AM,2023,0.26,0.041798964280331585,0.03530200000000002
AM,2023,0.27,0.04911629097034447,0.03731000000000002
AM,2023,0.28,0.05901611383483312,0.038640000000000015
AM,2023,0.29000000000000004,0.06891593669932182,0.03997000000000001
AM,2023,0.3,0.07881575956381046,0.0413
AM,2023,0.31,0.0887155824282991,0.04263
AM,2023,0.32,0.09446656684491979,0.04528
AM,2023,0.33,0.09451289839572193,0.04974500000000001
AM,2023,0.34,0.09455922994652408,0.05421000000000002
AM,2023,0.35000000000000003,0.09460556149732621,0.05867500000000001
AM,2023,0.36000000000000004,0.09465189304812835,0.06314000000000002
AM,2023,0.37,0.09488904041690795,0.06824400000000001
AM,2023,0.38,0.09614387214823394,0.07675599999999999
AM,2023,0.39,0.09739870387955994,0.08526800000000001
AM,2023,0.4,0.09865353561088594,0.09378000000000002
AM,2023,0.41000000000000003,0.09990836734221194,0.10229200000000004
AM,2023,0.42000000000000004,0.10116319907353793,0.11080400000000001
AM,2023,0.43,0.1107414251902507,0.117769
AM,2023,0.44,0.12129887417583246,0.12455199999999998
AM,2023,0.45,0.13185632316141432,0.13133500000000004
AM,2023,0.46,0.1424137721469961,0.13811800000000002
AM,2023,0.47000000000000003,0.15297122113257786,0.144901
AM,2023,0.48000000000000004,0.15801454598295375,0.17453200000000024
AM,2023,0.49,0.15984129842112618,0.21749100000000013
AM,2023,0.5,0.16166805085929858,0.26045
AM,2023,0.51,0.16349480329747101,0.30340899999999993
AM,2023,0.52,0.16532155573564344,0.34636800000000023
AM,2023,0.53,0.16732869019607846,0.3883260000000001
AM,2023,0.54,0.16964505098039218,0.4285680000000004
AM,2023,0.55,0.1719614117647059,0.4688100000000003
AM,2023,0.56,0.17427777254901958,0.5090520000000002
AM,2023,0.5700000000000001,0.17659413333333332,0.5492940000000004
AM,2023,0.5800000000000001,0.17913982389937105,0.5873520000000002
AM,2023,0.59,0.1836348176100628,0.6068459999999999
AM,2023,0.6,0.18812981132075468,0.62634
AM,2023,0.61,0.1926248050314465,0.645834
AM,2023,0.62,0.1971197987421383,0.6653279999999999
AM,2023,0.63,0.20161479245283018,0.684822
AM,2023,0.64,0.20323869519500004,0.6957559999999999
AM,2023,0.65,0.20432426838057205,0.705085
AM,2023,0.66,0.20540984156614406,0.714414
AM,2023,0.67,0.20649541475171607,0.7237429999999999
AM,2023,0.68,0.2075809879372881,0.733072
AM,2023,0.6900000000000001,0.20904588353162182,0.838156000000001
AM,2023,0.7000000000000001,0.21078664996869131,1.0128800000000007
AM,2023,0.7100000000000001,0.2125274164057608,1.1876040000000019
AM,2023,0.72,0.21426818284283028,1.3623279999999998
AM,2023,0.73,0.21600894927989978,1.5370519999999994
AM,2023,0.74,0.21731823853211008,1.6766520000000003
AM,2023,0.75,0.2176926605504587,1.7401499999999999
AM,2023,0.76,0.2180670825688073,1.8036479999999997
AM,2023,0.77,0.21844150458715592,1.867146
AM,2023,0.78,0.21881592660550453,1.9306439999999998
AM,2023,0.79,0.21983160454953263,1.9915009999999997
AM,2023,0.8,0.23238988915578968,2.00482
AM,2023,0.81,0.2449481737620467,2.018139
AM,2023,0.8200000000000001,0.2575064583683038,2.031458
AM,2023,0.8300000000000001,0.27006474297456085,2.0447770000000003
AM,2023,0.8400000000000001,0.28262302758081786,2.0580960000000004
AM,2023,0.85,0.2932066915797136,2.270884999999998
AM,2023,0.86,0.3032637900833131,2.536866
AM,2023,0.87,0.31332088858691265,2.8028470000000016
AM,2023,0.88,0.32337798709051196,3.0688279999999986
AM,2023,0.89,0.3334350855941115,3.334809
AM,2023,0.9,0.3431631635265953,3.868300000000006
AM,2023,0.91,0.3525951229450748,4.642549999999996
AM,2023,0.92,0.3620270823635544,5.416800000000002
AM,2023,0.93,0.37145904178203404,6.191050000000007
AM,2023,0.9400000000000001,0.3808910012005135,6.965299999999997
AM,2023,0.9500000000000001,0.38929533436133057,7.606845000000001
AM,2023,0.9600000000000001,0.3948223140006924,7.8768160000000025
AM,2023,0.97,0.40034929364005417,8.146787
AM,2023,0.98,0.40587627327941606,8.416758000000002
AM,2023,0.99,0.4114032529187778,8.686728999999998
AM,2023,1.0,0.41693023255813966,8.9567
AM,2024,0.01,0.003048470588235293,0.0008689999999999995
AM,2024,0.02,0.014096941176470586,0.002737999999999999
AM,2024,0.03,0.02514541176470588,0.004607
AM,2024,0.04,0.03619388235294117,0.006475999999999999
AM,2024,0.05,0.048946176470588236,0.009065
AM,2024,0.060000000000000005,0.06715070588235295,0.013958
AM,2024,0.06999999999999999,0.08535523529411763,0.018850999999999993
AM,2024,0.08,0.10355976470588237,0.023743999999999998
AM,2024,0.09,0.12176429411764708,0.028636999999999996
AM,2024,0.09999999999999999,0.13311,0.035549999999999984
AM,2024,0.11,0.13691100000000003,0.044685
AM,2024,0.12,0.140712,0.05382
AM,2024,0.13,0.144513,0.062955
AM,2024,0.14,0.148314,0.07209000000000002
AM,2024,0.15000000000000002,0.15507,0.07698
AM,2024,0.16,0.163008,0.08017200000000001
AM,2024,0.17,0.170946,0.08336400000000001
AM,2024,0.18000000000000002,0.178884,0.08655600000000001
AM,2024,0.19,0.186822,0.08974800000000001
AM,2024,0.2,0.19207793357933578,0.15070000000000006
AM,2024,0.21000000000000002,0.19719976383763835,0.21454000000000006
AM,2024,0.22,0.20232159409594094,0.27838000000000007
AM,2024,0.23,0.2074434243542435,0.34222
AM,2024,0.24000000000000002,0.21295243307390754,0.39480400000000004
AM,2024,0.25,0.22010695025435775,0.39955
AM,2024,0.26,0.22726146743480796,0.404296
AM,2024,0.27,0.23441598461525817,0.409042
AM,2024,0.28,0.2415705017957084,0.413788
AM,2024,0.29000000000000004,0.24671274733864385,0.4327720000000001
AM,2024,0.3,0.24917196403155958,0.47073999999999994
AM,2024,0.31,0.2516311807244754,0.5087079999999999
AM,2024,0.32,0.25409039741739115,0.5466759999999999
AM,2024,0.33,0.2565496141103069,0.584644
AM,2024,0.34,0.2581109769201665,0.5989939999999999
AM,2024,0.35000000000000003,0.2592234127884979,0.6015349999999999
AM,2024,0.36000000000000004,0.26033584865682935,0.604076
AM,2024,0.37,0.2614482845251608,0.606617
AM,2024,0.38,0.26256072039349226,0.609158
AM,2024,0.39,0.2630580178041543,0.6701809999999998
AM,2024,0.4,0.2634905637982196,0.73736
AM,2024,0.41000000000000003,0.2639231097922849,0.8045390000000003
AM,2024,0.42000000000000004,0.2643556557863502,0.8717180000000001
AM,2024,0.43,0.26477257320373404,0.9444079999999997
AM,2024,0.44,0.26509571916102953,1.050164
AM,2024,0.45,0.26541886511832496,1.1559200000000005
AM,2024,0.46,0.2657420110756204,1.261676
AM,2024,0.47000000000000003,0.2660651570329159,1.3674320000000006
AM,2024,0.48000000000000004,0.2662887745683325,1.570812
AM,2024,0.49,0.2663506584181961,1.9328309999999986
AM,2024,0.5,0.2664125422680597,2.2948500000000003
AM,2024,0.51,0.2664744261179233,2.6568690000000017
AM,2024,0.52,0.26653630996778693,3.018888
AM,2024,0.53,0.266618556058609,3.194513
AM,2024,0.54,0.26671333275925174,3.255434
AM,2024,0.55,0.26680810945989447,3.316355
AM,2024,0.56,0.2669028861605372,3.377276
AM,2024,0.5700000000000001,0.26699766286117993,3.438197
AM,2024,0.5800000000000001,0.267790274888891,3.5275040000000004
AM,2024,0.59,0.26869919280444676,3.6215419999999994
AM,2024,0.6,0.26960811072000257,3.71558
AM,2024,0.61,0.2705170286355584,3.8096180000000004
AM,2024,0.62,0.2713582880036786,3.8951620000000005
AM,2024,0.63,0.27155679117116144,3.9000130000000004
AM,2024,0.64,0.27175529433864426,3.9048640000000003
AM,2024,0.65,0.271953797506127,3.9097150000000003
AM,2024,0.66,0.27215230067360985,3.914566
AM,2024,0.67,0.2724832722966983,3.940039
AM,2024,0.68,0.2730791808309979,4.006756
AM,2024,0.6900000000000001,0.27367508936529755,4.073473000000001
AM,2024,0.7000000000000001,0.2742709978995972,4.1401900000000005
AM,2024,0.7100000000000001,0.27486690643389683,4.206907000000001
AM,2024,0.72,0.2774545325146182,4.294096
AM,2024,0.73,0.281535946755156,4.396639
AM,2024,0.74,0.28561736099569374,4.499181999999999
AM,2024,0.75,0.28969877523623144,4.601725
AM,2024,0.76,0.2937801894767692,4.704268
AM,2024,0.77,0.29463064942184153,4.735054
AM,2024,0.78,0.2947208848268044,4.748956
AM,2024,0.79,0.29481112023176725,4.762858
AM,2024,0.8,0.2949013556367301,4.77676
AM,2024,0.81,0.29553652199049696,4.800309000000001
AM,2024,0.8200000000000001,0.3070703073203434,5.016798000000002
AM,2024,0.8300000000000001,0.3186040926501897,5.233287
AM,2024,0.8400000000000001,0.33013787798003613,5.449776000000001
AM,2024,0.85,0.34167166330988236,5.666264999999997
AM,2024,0.86,0.35768347651847193,5.845415999999999
AM,2024,0.87,0.3848903594239198,5.931222
AM,2024,0.88,0.4120972423293677,6.017028
AM,2024,0.89,0.4393041252348155,6.1028340000000005
AM,2024,0.9,0.46651100814026336,6.18864
AM,2024,0.91,0.4831130256410257,6.363589999999999
AM,2024,0.92,0.4900742564102565,6.61958
AM,2024,0.93,0.49703548717948726,6.8755700000000015
AM,2024,0.9400000000000001,0.503996717948718,7.131560000000002
AM,2024,0.9500000000000001,0.5109579487179488,7.387550000000004
AM,2024,0.9600000000000001,0.5214744376400299,7.490468
AM,2024,0.97,0.5331019447348768,7.545551000000001
AM,2024,0.98,0.5447294518297235,7.6006339999999994
AM,2024,0.99,0.5563569589245705,7.655717
AM,2024,1.0,0.5679844660194174,7.7108
AM,2025,0.01,-0.07152532528301887,-0.052989
AM,2025,0.02,-0.06701865056603774,-0.038078
AM,2025,0.03,-0.0625119758490566,-0.023167000000000004
AM,2025,0.04,-0.057250674981381464,-0.017567213208
AM,2025,0.05,-0.051769274819753894,-0.014683196935
AM,2025,0.060000000000000005,-0.04628787465812633,-0.011799180662000001
AM,2025,0.06999999999999999,-0.039985295002434786,-0.009919279011
AM,2025,0.08,-0.033006449881043474,-0.008866295284
AM,2025,0.09,-0.02602760475965217,-0.007813311557
AM,2025,0.09999999999999999,-0.01779000000000001,-0.006160000000000002
AM,2025,0.11,-0.006908999999999995,-0.003245999999999998
AM,2025,0.12,0.003971999999999993,-0.000332000000000002
AM,2025,0.13,0.013948909090909092,0.0024890000000000016
AM,2025,0.14,0.015487636363636368,0.004442000000000005
AM,2025,0.15000000000000002,0.01702636363636364,0.006395000000000003
AM,2025,0.16,0.018565090909090913,0.008348000000000001
AM,2025,0.17,0.019089368983957224,0.010139000000000002
AM,2025,0.18000000000000002,0.019463358288770057,0.011906000000000003
AM,2025,0.19,0.019837347593582886,0.013672999999999996
AM,2025,0.2,0.022788946006555115,0.0177
AM,2025,0.21000000000000002,0.027158229429015017,0.02297000000000001
AM,2025,0.22,0.031527512851474905,0.028240000000000005
AM,2025,0.23,0.035044129032258065,0.031521
AM,2025,0.24000000000000002,0.03738012903225806,0.032048
AM,2025,0.25,0.03971612903225806,0.032575
AM,2025,0.26,0.04578982198952882,0.033354
AM,2025,0.27,0.0674372356020943,0.035183000000000006
AM,2025,0.28,0.08908464921465979,0.03701200000000001
AM,2025,0.29000000000000004,0.11073206282722528,0.03884100000000001
AM,2025,0.3,0.11341458987783595,0.03908
AM,2025,0.31,0.11546495404304828,0.039265999999999995
AM,2025,0.32,0.11751531820826061,0.039452
AM,2025,0.33,0.11814922222222221,0.04568700000000001
AM,2025,0.34,0.11829044444444443,0.054026000000000025
AM,2025,0.35000000000000003,0.11843166666666666,0.06236500000000004
AM,2025,0.36000000000000004,0.11957200000000001,0.07710400000000013
AM,2025,0.37,0.12164900000000001,0.09784300000000004
AM,2025,0.38,0.123726,0.11858199999999997
AM,2025,0.39,0.12655649959967974,0.141256
AM,2025,0.4,0.13122888710968778,0.16866000000000003
AM,2025,0.41000000000000003,0.13590127461969578,0.19606400000000007
AM,2025,0.42000000000000004,0.14034721027880326,0.22751800000000041
AM,2025,0.43,0.14150959409985328,0.31769700000000006
AM,2025,0.44,0.14267197792090328,0.40787600000000024
AM,2025,0.45,0.1438343617419533,0.49805500000000036
AM,2025,0.46,0.150120071015101,0.532516
AM,2025,0.47000000000000003,0.1573910351828829,0.556262
AM,2025,0.48000000000000004,0.1646619993506648,0.580008
AM,2025,0.49,0.17124213776678293,0.6248439999999998
AM,2025,0.5,0.1773859651818503,0.6829999999999999
AM,2025,0.51,0.18352979259691768,0.741156
AM,2025,0.52,0.1891043803996495,0.8058640000000001
AM,2025,0.53,0.19377767214951658,0.8809459999999999
AM,2025,0.54,0.19845096389938374,0.9560280000000004
AM,2025,0.55,0.2024888340378906,1.0432400000000002
AM,2025,0.56,0.20322251179732442,1.1935280000000015
AM,2025,0.5700000000000001,0.20395618955675823,1.3438160000000008
AM,2025,0.5800000000000001,0.20468986731619204,1.4941040000000019
AM,2025,0.59,0.2055586509740339,1.5969479999999998
AM,2025,0.6,0.20643675228004182,1.6965199999999994
AM,2025,0.61,0.20731485358604979,1.7960920000000002
AM,2025,0.62,0.20757211952866655,1.851092
AM,2025,0.63,0.20757540736807786,1.8878580000000003
AM,2025,0.64,0.20757869520748917,1.9246240000000001
AM,2025,0.65,0.20875952578030696,1.9594250000000002
AM,2025,0.66,0.21119640193542497,1.9921300000000002
AM,2025,0.67,0.21363327809054297,2.024835
AM,2025,0.68,0.21551115485667363,2.080396000000001
AM,2025,0.6900000000000001,0.21578190837946556,2.2016680000000006
AM,2025,0.7000000000000001,0.21605266190225753,2.322940000000002
AM,2025,0.7100000000000001,0.2167327465748298,2.4408920000000007
AM,2025,0.72,0.22969276574081013,2.4592440000000004
AM,2025,0.73,0.24265278490679043,2.477596
AM,2025,0.74,0.2556128040727709,2.4959480000000003
AM,2025,0.75,0.26128700923352216,2.5339750000000003
AM,2025,0.76,0.2652126190330185,2.576724
AM,2025,0.77,0.26913822883251487,2.619473
AM,2025,0.78,0.27323045088339226,2.8431399999999996
AM,2025,0.79,0.27744300400471145,3.1974700000000023
AM,2025,0.8,0.2816555571260307,3.551800000000001
AM,2025,0.81,0.28640204701348754,3.841736000000002
AM,2025,0.8200000000000001,0.29211933102119464,4.014592000000001
AM,2025,0.8300000000000001,0.2978366150289018,4.1874480000000025
AM,2025,0.8400000000000001,0.30330935414292337,4.346536
AM,2025,0.85,0.3071314152245678,4.41269
AM,2025,0.86,0.3109534763062124,4.4788440000000005
AM,2025,0.87,0.3147755373878569,4.544998
AM,2025,0.88,0.32168227612671385,4.618068
AM,2025,0.89,0.3289195160431292,4.691879
AM,2025,0.9,0.3361567559595446,4.765690000000001
AM,2025,0.91,0.3543762839847023,4.895298
AM,2025,0.92,0.3778254730140229,5.051476
AM,2025,0.93,0.40127466204334383,5.207654000000002
AM,2025,0.9400000000000001,0.43771914947368434,5.469014000000001
AM,2025,0.9500000000000001,0.48994364210526364,5.858095000000004
AM,2025,0.9600000000000001,0.5421681347368423,6.247176000000002
AM,2025,0.97,0.674305384615385,6.608656
AM,2025,0.98,1.0804292307692296,6.875503999999999
AM,2025,0.99,1.4865530769230788,7.142352000000002
AM,2025,1.0,1.8926769230769234,7.4092
AM,2026,0.01,-0.10247999999999999,-0.010765
AM,2026,0.02,-0.06575999999999999,-0.006529999999999999
AM,2026,0.03,-0.03278373626373626,-0.0028699999999999997
AM,2026,0.04,-0.022269890109890104,-0.002659999999999999
AM,2026,0.05,-0.011756043956043953,-0.0024499999999999986
AM,2026,0.060000000000000005,0.002982968580715069,0.0011700000000000052
AM,2026,0.06999999999999999,0.02828489707475621,0.013314999999999994
AM,2026,0.08,0.053586825568797423,0.025460000000000014
AM,2026,0.09,0.07233466673647836,0.034425000000000004
AM,2026,0.09999999999999999,0.08234372480234567,0.03915
AM,2026,0.11,0.09235278286821301,0.043875
AM,2026,0.12,0.09732844880027038,0.05292
AM,2026,0.13,0.09852907063197026,0.06520499999999999
AM,2026,0.14,0.09972969246367017,0.07749000000000002
AM,2026,0.15000000000000002,0.1014465387823186,0.08667500000000002
AM,2026,0.16,0.10336987489574646,0.09462000000000001
AM,2026,0.17,0.10529321100917431,0.102565
AM,2026,0.18000000000000002,0.10977733691857948,0.10745
AM,2026,0.19,0.11468826112731417,0.11182500000000001
AM,2026,0.2,0.11959918533604887,0.1162
AM,2026,0.21000000000000002,0.12031338351191002,0.11879
AM,2026,0.22,0.12102758168777118,0.12138
AM,2026,0.23,0.1218106715381805,0.12774000000000005
AM,2026,0.24000000000000002,0.12300711143587871,0.15672000000000003
AM,2026,0.25,0.12420355133357691,0.1857
AM,2026,0.26,0.12590506340718105,0.20677
AM,2026,0.27,0.12886925592055004,0.208065
AM,2026,0.28,0.13183344843391903,0.20936
AM,2026,0.29000000000000004,0.13463520309477756,0.212545
AM,2026,0.3,0.13722037395228884,0.21825
AM,2026,0.31,0.13980554480980012,0.22395500000000002
AM,2026,0.32,0.14125478014184398,0.22866000000000003
AM,2026,0.33,0.14185206382978724,0.23261500000000002
AM,2026,0.34,0.1424493475177305,0.23657
AM,2026,0.35000000000000003,0.14399357142857144,0.2644500000000002
AM,2026,0.36000000000000004,0.14591657142857145,0.30190000000000017
AM,2026,0.37,0.14783957142857143,0.33934999999999993
AM,2026,0.38,0.1511792570128886,0.36207000000000006
AM,2026,0.39,0.15475505686125857,0.38233500000000004
AM,2026,0.4,0.15833085670962854,0.4026
AM,2026,0.41000000000000003,0.16592418729604116,0.44085500000000016
AM,2026,0.42000000000000004,0.1735175178824538,0.47911000000000015
AM,2026,0.43,0.18005801337792637,0.5156949999999999
AM,2026,0.44,0.18028149832775917,0.5422600000000001
AM,2026,0.45,0.18050498327759196,0.568825
AM,2026,0.46,0.1812288759468103,0.59019
AM,2026,0.47000000000000003,0.18320378791449252,0.598555
AM,2026,0.48000000000000004,0.18517869988217472,0.6069199999999999
AM,2026,0.49,0.18661336376920112,0.6175949999999999
AM,2026,0.5,0.18732769688201983,0.63135
AM,2026,0.51,0.18804202999483852,0.645105
AM,2026,0.52,0.19385587153931338,0.65882
AM,2026,0.53,0.20349434440753048,0.672505
AM,2026,0.54,0.21313281727574757,0.6861900000000001
AM,2026,0.55,0.22118894957983193,0.6948749999999999
AM,2026,0.56,0.22861214565826332,0.7015600000000001
AM,2026,0.5700000000000001,0.23603534173669471,0.7082450000000001
AM,2026,0.5800000000000001,0.24024043305665826,0.7900200000000012
AM,2026,0.59,0.24390917358354378,0.8843099999999997
AM,2026,0.6,0.2475779141104294,0.9786
AM,2026,0.61,0.2519300886162235,0.9930899999999999
AM,2026,0.62,0.2562822631220177,1.00758
AM,2026,0.63,0.26049569985569987,1.022995
AM,2026,0.64,0.26387670995671,1.0439600000000002
AM,2026,0.65,0.2672577200577201,1.0649250000000001
AM,2026,0.66,0.27033504358655047,1.08023
AM,2026,0.67,0.2726531506849315,1.081385
AM,2026,0.68,0.27497125778331255,1.08254
AM,2026,0.6900000000000001,0.2765086497064579,1.0978850000000004
AM,2026,0.7000000000000001,0.2770050880626223,1.1321500000000004
AM,2026,0.7100000000000001,0.27750152641878667,1.1664150000000002
AM,2026,0.72,0.2855559914712153,1.19324
AM,2026,0.73,0.29927897654584223,1.214485
AM,2026,0.74,0.313001961620469,1.23573
AM,2026,0.75,0.31884211087420045,1.260975
AM,2026,0.76,0.32152912579957355,1.2878200000000002
AM,2026,0.77,0.3242161407249467,1.314665
AM,2026,0.78,0.3315861744966443,1.3449300000000002
AM,2026,0.79,0.33973671140939604,1.3757650000000003
AM,2026,0.8,0.3478872483221477,1.4066
AM,2026,0.81,0.34959365441457735,1.4561950000000004
AM,2026,0.8200000000000001,0.351300060507007,1.5057900000000004
AM,2026,0.8300000000000001,0.3573439144242023,1.548395
AM,2026,0.8400000000000001,0.38941245528998847,1.54906
AM,2026,0.85,0.42148099615577467,1.549725
AM,2026,0.86,0.451653387096774,1.5725599999999995
AM,2026,0.87,0.4770854032258064,1.6508199999999997
AM,2026,0.88,0.5025174193548387,1.72908
AM,2026,0.89,0.5182689705882353,1.787555
AM,2026,0.9,0.5211132352941177,1.8196499999999998
AM,2026,0.91,0.5239575000000001,1.851745
AM,2026,0.92,0.5307545098039217,1.927480000000001
AM,2026,0.93,0.5405160784313726,2.0359450000000012
AM,2026,0.9400000000000001,0.5502776470588234,2.1444099999999997
AM,2026,0.9500000000000001,0.7246666666666666,2.4411250000000004
AM,2026,0.9600000000000001,0.9649066666666677,2.8131400000000015
AM,2026,0.97,1.2051466666666637,3.1851549999999955
AM,2026,0.98,1.4603830303030283,3.4017999999999984
AM,2026,0.99,1.718118787878787,3.5925499999999992
AM,2026,1.0,1.9758545454545455,3.7832999999999997
GK,2022,0.01,-1.6243787963525835,-8.405663
GK,2022,0.02,-1.251440009577189,-6.785626
GK,2022,0.03,-1.0426961809954751,-6.557289
GK,2022,0.04,-0.994456036199095,-6.226768
GK,2022,0.05,-0.9813723076923074,-5.689385
GK,2022,0.060000000000000005,-0.9747049411764704,-5.154172
GK,2022,0.06999999999999999,-0.9181020285999335,-4.672797
GK,2022,0.08,-0.8260751329605386,-4.149624
GK,2022,0.09,-0.790258617549625,-3.2690520000000003
GK,2022,0.09999999999999999,-0.7769620069610756,-3.1129800000000003
GK,2022,0.11,-0.7699383978263171,-2.94222
GK,2022,0.12,-0.7212754202546997,-2.52192
GK,2022,0.13,-0.576696025153877,-1.6838520000000001
GK,2022,0.14,-0.5617043949920918,-1.641656
GK,2022,0.15000000000000002,-0.548353587703084,-1.5536449999999995
GK,2022,0.16,-0.5242382268006051,-1.4823479999999998
GK,2022,0.17,-0.48489516723865667,-1.460938
GK,2022,0.18000000000000002,-0.45184526382426216,-1.444152
GK,2022,0.19,-0.43504229956709956,-1.427303
GK,2022,0.2,-0.42236111466423026,-1.40464
GK,2022,0.21000000000000002,-0.4119768335894348,-1.359289
GK,2022,0.22,-0.40802986967897337,-1.2527979999999999
GK,2022,0.23,-0.3847380922347898,-1.1753459999999998
GK,2022,0.24000000000000002,-0.37437686424740546,-1.14638
GK,2022,0.25,-0.37079996681599464,-1.1289000000000002
GK,2022,0.26,-0.3619906479227725,-1.078024
GK,2022,0.27,-0.3141785604291886,-1.0481479999999996
GK,2022,0.28,-0.30112947972597665,-0.9986159999999997
GK,2022,0.29000000000000004,-0.29045579220779216,-0.958081
GK,2022,0.3,-0.26871616438356166,-0.9332000000000001
GK,2022,0.31,-0.2680706301369863,-0.8669799999999999
GK,2022,0.32,-0.2677549659743703,-0.806392
GK,2022,0.33,-0.2664223587096774,-0.709433
GK,2022,0.34,-0.2621793889932885,-0.6050399999999999
GK,2022,0.35000000000000003,-0.2515165530201342,-0.5842499999999999
GK,2022,0.36000000000000004,-0.2402304488951375,-0.5486279999999999
GK,2022,0.37,-0.23479013902282558,-0.5018820000000002
GK,2022,0.38,-0.22183845665586013,-0.461328
GK,2022,0.39,-0.18853666522484894,-0.44481600000000004
GK,2022,0.4,-0.1795236512789917,-0.44266
GK,2022,0.41000000000000003,-0.15846158625525933,-0.4320679999999999
GK,2022,0.42000000000000004,-0.14047718385507701,-0.40974399999999983
GK,2022,0.43,-0.12857622666819,-0.370111
GK,2022,0.44,-0.09774084782827833,-0.2931879999999997
GK,2022,0.45,-0.09057827607590227,-0.277625
GK,2022,0.46,-0.07105625628248016,-0.2528099999999999
GK,2022,0.47000000000000003,-0.04304822828504299,-0.21416999999999986
GK,2022,0.48000000000000004,-0.031693838433829245,-0.18567999999999998
GK,2022,0.49,-0.02560480847682121,-0.13266200000000017
GK,2022,0.5,-0.018217430463576163,-0.08099999999999996
GK,2022,0.51,-0.012759726864988555,-0.04407999999999993
GK,2022,0.52,-0.012245725558273492,-0.032175999999999975
GK,2022,0.53,-0.007778230884557704,-0.027863999999999983
GK,2022,0.54,0.0055953243717125675,-0.007137696543999818
GK,2022,0.55,0.016373231720895717,0.020190340080000056
GK,2022,0.56,0.019942866190082027,0.05396800000000037
GK,2022,0.5700000000000001,0.020303167552110774,0.11472100000000061
GK,2022,0.5800000000000001,0.03319153991310391,0.1356100000000001
GK,2022,0.59,0.041007908459491274,0.20214299999999996
GK,2022,0.6,0.04771621694375624,0.29083999999999977
GK,2022,0.61,0.06740156625721826,0.32487399999999994
GK,2022,0.62,0.07207122642696476,0.3515080000000001
GK,2022,0.63,0.07433067855966348,0.377893
GK,2022,0.64,0.0798279949405515,0.41035200000000005
GK,2022,0.65,0.09205044152146981,0.45324500000000023
GK,2022,0.66,0.09637707146057939,0.4939780000000001
GK,2022,0.67,0.09862499722904217,0.5516440000000002
GK,2022,0.68,0.10468681782289913,0.589384
GK,2022,0.6900000000000001,0.11653382804571542,0.6133670000000002
GK,2022,0.7000000000000001,0.13192213338391756,0.7103100000000007
GK,2022,0.7100000000000001,0.13492274159241163,0.7866840000000008
GK,2022,0.72,0.14016293877551014,0.8737159999999998
GK,2022,0.73,0.1463644916653684,0.9556510000000001
GK,2022,0.74,0.14695266178532482,0.9965379999999998
GK,2022,0.75,0.14861407775608027,1.05115
GK,2022,0.76,0.18484252359758807,1.0796600000000003
GK,2022,0.77,0.22430751801003354,1.091037
GK,2022,0.78,0.2415634298022815,1.095466
GK,2022,0.79,0.2578492134875832,1.104013
GK,2022,0.8,0.28926149848762833,1.11382
GK,2022,0.81,0.30911301832525273,1.1502540000000006
GK,2022,0.8200000000000001,0.3116538098919205,1.203664
GK,2022,0.8300000000000001,0.31338792684165256,1.205666
GK,2022,0.8400000000000001,0.31987823418085076,1.21882
GK,2022,0.85,0.32441843562694794,1.2607650000000001
GK,2022,0.86,0.3274453081743489,1.3979899999999994
GK,2022,0.87,0.33127481701712846,1.7248549999999976
GK,2022,0.88,0.353421892215569,1.730088
GK,2022,0.89,0.36627364705882354,1.8362940000000003
GK,2022,0.9,0.41108764705882317,1.9843199999999994
GK,2022,0.91,0.5087897628865985,2.1188040000000012
GK,2022,0.92,0.5669771546391754,2.209048
GK,2022,0.93,0.6014615573590699,2.53524
GK,2022,0.9400000000000001,0.6328056397448957,3.0134940000000072
GK,2022,0.9500000000000001,0.662353775605685,3.576525000000004
GK,2022,0.9600000000000001,0.6714263140591153,4.107440000000001
GK,2022,0.97,0.7072353637916309,4.518018999999999
GK,2022,0.98,0.7377438461538459,5.481273999999988
GK,2022,0.99,0.7740507539732997,6.8332870000000066
GK,2022,1.0,0.8372628099173556,8.2015
GK,2023,0.01,-1.9074061678221375,-7.751978
GK,2023,0.02,-1.0128406805778492,-6.824722
GK,2023,0.03,-0.8650221428571429,-6.181942000000001
GK,2023,0.04,-0.7381529655172414,-5.562032
GK,2023,0.05,-0.7180663194933147,-4.890314999999999
GK,2023,0.060000000000000005,-0.6483578577612863,-4.241311999999999
GK,2023,0.06999999999999999,-0.6273447933884297,-3.5720600000000005
GK,2023,0.08,-0.6193212297520662,-3.3321920000000005
GK,2023,0.09,-0.6124244571428571,-3.194852
GK,2023,0.09999999999999999,-0.5830618387553043,-2.78036
GK,2023,0.11,-0.5453021447067784,-2.428314
GK,2023,0.12,-0.5216427374005306,-2.239856
GK,2023,0.13,-0.5080755073891626,-2.148409
GK,2023,0.14,-0.5016992432432432,-2.0662059999999998
GK,2023,0.15000000000000002,-0.49999924794359574,-1.999695
GK,2023,0.16,-0.47241850434782606,-1.928856
GK,2023,0.17,-0.4433376,-1.8597579999999998
GK,2023,0.18000000000000002,-0.4289379731309609,-1.833502
GK,2023,0.19,-0.3932901537826117,-1.817329
GK,2023,0.2,-0.36146699000370236,-1.799
GK,2023,0.21000000000000002,-0.35681898221906116,-1.792719
GK,2023,0.22,-0.34498132074167914,-1.772238
GK,2023,0.23,-0.32979131387095045,-1.710216
GK,2023,0.24000000000000002,-0.31372104558452485,-1.598652
GK,2023,0.25,-0.29949119575387445,-1.4801
GK,2023,0.26,-0.28682967557967437,-1.3609680000000002
GK,2023,0.27,-0.27454767250341994,-1.343266
GK,2023,0.28,-0.2691251990339632,-1.3339640000000001
GK,2023,0.29000000000000004,-0.2603214663127291,-1.320023
GK,2023,0.3,-0.25472185897901384,-1.2966100000000003
GK,2023,0.31,-0.2480393974468085,-1.184954
GK,2023,0.32,-0.22347870050609187,-1.1583240000000001
GK,2023,0.33,-0.19675091134020622,-1.1393890000000002
GK,2023,0.34,-0.19591658406747892,-1.109222
GK,2023,0.35000000000000003,-0.1944441582613541,-1.0775349999999997
GK,2023,0.36000000000000004,-0.19294444702520294,-1.0314639999999997
GK,2023,0.37,-0.19141024406234936,-0.981765
GK,2023,0.38,-0.18784961873536302,-0.960104
GK,2023,0.39,-0.16890186913756242,-0.9530179999999999
GK,2023,0.4,-0.16038678260869563,-0.9167399999999999
GK,2023,0.41000000000000003,-0.1498950091743119,-0.8743279999999998
GK,2023,0.42000000000000004,-0.14042299207357933,-0.858084
GK,2023,0.43,-0.13523921618017484,-0.8275
GK,2023,0.44,-0.13192378259897114,-0.7908759999999999
GK,2023,0.45,-0.12156227830401013,-0.7486800000000001
GK,2023,0.46,-0.11519495857522537,-0.6831339999999996
GK,2023,0.47000000000000003,-0.11344115298449678,-0.6223199999999999
GK,2023,0.48000000000000004,-0.11273656065902228,-0.600048
GK,2023,0.49,-0.11234133532964741,-0.587428
GK,2023,0.5,-0.11026793500344081,-0.5294
GK,2023,0.51,-0.1079176521257961,-0.47532
GK,2023,0.52,-0.10049909881556796,-0.4568119999999999
GK,2023,0.53,-0.09053783634033606,-0.36147899999999933
GK,2023,0.54,-0.08555579976498237,-0.23122399999999993
GK,2023,0.55,-0.07958591125056029,-0.20646
GK,2023,0.56,-0.06585041755846621,-0.19911199999999998
GK,2023,0.5700000000000001,-0.03596386138052779,-0.18402199999999977
GK,2023,0.5800000000000001,-0.016128991429054138,-0.11407799999999918
GK,2023,0.59,0.008305340916694525,0.009248999999999981
GK,2023,0.6,0.017410411302982653,0.02059999999999986
GK,2023,0.61,0.03415688037676611,0.049660000000000024
GK,2023,0.62,0.0486854407241336,0.07214600000000003
GK,2023,0.63,0.0681676090349076,0.12349399999999999
GK,2023,0.64,0.0754039244771057,0.1723959999999998
GK,2023,0.65,0.08209652208454928,0.2746000000000004
GK,2023,0.66,0.09487260128700127,0.36046199999999995
GK,2023,0.67,0.09944241235521241,0.37801900000000016
GK,2023,0.68,0.10260064073840994,0.45740000000000064
GK,2023,0.6900000000000001,0.10869160607823733,0.6418640000000013
GK,2023,0.7000000000000001,0.12068891459571589,0.66207
GK,2023,0.7100000000000001,0.12555410056017655,0.7863400000000006
GK,2023,0.72,0.12972628401355651,0.8583920000000002
GK,2023,0.73,0.13257225658735555,0.8751610000000001
GK,2023,0.74,0.13633072761904763,0.89464
GK,2023,0.75,0.14073192262283168,0.9267
GK,2023,0.76,0.15830758371325643,0.9998519999999999
GK,2023,0.77,0.1657322065934066,1.0646129999999998
GK,2023,0.78,0.18245825454545447,1.2298779999999994
GK,2023,0.79,0.19088662085432273,1.4143490000000016
GK,2023,0.8,0.20306774721793333,1.4915400000000003
GK,2023,0.81,0.21318727161794887,1.5911300000000013
GK,2023,0.8200000000000001,0.21838403929161754,1.662794
GK,2023,0.8300000000000001,0.2724199119101129,1.6787070000000002
GK,2023,0.8400000000000001,0.32725038577992677,1.6956680000000002
GK,2023,0.85,0.35179325634831804,1.834500000000001
GK,2023,0.86,0.3742043563998191,1.998442
GK,2023,0.87,0.4027612509581048,2.006495
GK,2023,0.88,0.45185586445565973,2.057016
GK,2023,0.89,0.4627025789473684,2.139483
GK,2023,0.9,0.4717172398250033,2.2212999999999994
GK,2023,0.91,0.48525528926407513,2.358872
GK,2023,0.92,0.4925598336798337,2.542988000000005
GK,2023,0.93,0.5012786720647774,3.0012810000000005
GK,2023,0.9400000000000001,0.5323980628206038,3.161078000000003
GK,2023,0.9500000000000001,0.6388231369753031,3.530075000000001
GK,2023,0.9600000000000001,0.7073242839351401,3.7639800000000037
GK,2023,0.97,0.8077686423956519,4.702202000000006
GK,2023,0.98,0.8718799341526674,6.71266400000001
GK,2023,0.99,1.214223531582845,10.782732000000001
GK,2023,1.0,1.6423917525773197,12.6203
GK,2024,0.01,-2.625519846298775,-5.268020000000001
GK,2024,0.02,-1.965002941808098,-5.101508
GK,2024,0.03,-1.3972871228561494,-3.766274
GK,2024,0.04,-1.1431238892307694,-3.4361919999999997
GK,2024,0.05,-1.0806829211009175,-3.2461
GK,2024,0.060000000000000005,-0.9190936828309305,-2.900956
GK,2024,0.06999999999999999,-0.8542265546218487,-2.8906799999999997
GK,2024,0.08,-0.8428212705882353,-2.876132
GK,2024,0.09,-0.7953879529411765,-2.796992
GK,2024,0.09999999999999999,-0.7563874189675871,-2.7168599999999996
GK,2024,0.11,-0.7356540213898217,-2.6723799999999995
GK,2024,0.12,-0.6911467084004602,-2.5933479999999998
GK,2024,0.13,-0.6170817068645641,-2.577054
GK,2024,0.14,-0.5294517318706139,-2.55564
GK,2024,0.15000000000000002,-0.5049408197520168,-2.51787
GK,2024,0.16,-0.47736108721009085,-2.488276
GK,2024,0.17,-0.4580996066148171,-2.433774
GK,2024,0.18000000000000002,-0.4178589690602131,-2.372472
GK,2024,0.19,-0.4087825651105651,-2.331612
GK,2024,0.2,-0.40223670341586837,-2.2097635285999995
GK,2024,0.21000000000000002,-0.39288228553139376,-2.01903111647
GK,2024,0.22,-0.37382698218505794,-2.002148
GK,2024,0.23,-0.3503699667373896,-1.932522
GK,2024,0.24000000000000002,-0.32762196935376414,-1.824456
GK,2024,0.25,-0.29191218864842794,-1.73265
GK,2024,0.26,-0.275726200921659,-1.633044
GK,2024,0.27,-0.27001431758241756,-1.587438
GK,2024,0.28,-0.2662194395604396,-1.544508506992
GK,2024,0.29000000000000004,-0.25677331103678924,-1.5161293802440001
GK,2024,0.3,-0.2502214179396788,-1.51564
GK,2024,0.31,-0.2279003192612697,-1.4769599999999998
GK,2024,0.32,-0.2117133424173388,-1.360984
GK,2024,0.33,-0.18170090784490422,-1.2707199999999996
GK,2024,0.34,-0.1579446978513745,-1.20578
GK,2024,0.35000000000000003,-0.14817380204742484,-1.0927999999999995
GK,2024,0.36000000000000004,-0.14467715887158936,-1.037804
GK,2024,0.37,-0.1393471788778878,-0.9849319999999999
GK,2024,0.38,-0.12648051305130517,-0.9191000000000001
GK,2024,0.39,-0.12108881436811748,-0.902096
GK,2024,0.4,-0.11899768382320265,-0.8877000000000002
GK,2024,0.41000000000000003,-0.11854192803129075,-0.879854
GK,2024,0.42000000000000004,-0.11401320234283481,-0.8588239999999999
GK,2024,0.43,-0.11286527802088803,-0.8136340000000001
GK,2024,0.44,-0.10820498444332925,-0.795724
GK,2024,0.45,-0.09626315932877301,-0.7631500000000001
GK,2024,0.46,-0.09314164641695082,-0.5627279999999996
GK,2024,0.47000000000000003,-0.09071428588322246,-0.539396
GK,2024,0.48000000000000004,-0.08324607015449904,-0.49733600000000006
GK,2024,0.49,-0.07641961124912365,-0.49109200000000003
GK,2024,0.5,-0.0666494623655914,-0.4149
GK,2024,0.51,-0.03975054391919858,-0.2855119999999999
GK,2024,0.52,-0.03131079120710549,-0.2316
GK,2024,0.53,-0.030283644485189953,-0.21363599999999994
GK,2024,0.54,-0.024309050479233162,-0.1526879999999997
GK,2024,0.55,-0.01243655172413793,-0.09384999999999999
GK,2024,0.56,-0.01113911957919345,-0.08726799999999976
GK,2024,0.5700000000000001,-0.006761191603995942,-0.04131999999999993
GK,2024,0.5800000000000001,-0.003655265846735991,-0.029427999999999656
GK,2024,0.59,0.004066734312416534,0.005485999999999958
GK,2024,0.6,0.021928995814460134,0.05129999999999942
GK,2024,0.61,0.033661322447240134,0.163862
GK,2024,0.62,0.04178860272069465,0.1994000000000002
GK,2024,0.63,0.048719888695652226,0.2751340000000001
GK,2024,0.64,0.0558948038176034,0.30432000000000003
GK,2024,0.65,0.05662941637630663,0.3552899999999999
GK,2024,0.66,0.060508115018315094,0.3984280000000002
GK,2024,0.67,0.07228455106632503,0.41250400000000015
GK,2024,0.68,0.08370193562273054,0.4138
GK,2024,0.6900000000000001,0.09009457080610025,0.42064400000000013
GK,2024,0.7000000000000001,0.0935968888888889,0.43920000000000015
GK,2024,0.7100000000000001,0.09501212195121952,0.46902600000000005
GK,2024,0.72,0.09793148887494926,0.5459519999999998
GK,2024,0.73,0.10367579223701988,0.6852359999999991
GK,2024,0.74,0.10790720263876419,0.7792320000000003
GK,2024,0.75,0.11540643502990436,0.8044000000000001
GK,2024,0.76,0.12918791109212274,0.8498479999999997
GK,2024,0.77,0.14887931403023374,0.8954960000000001
GK,2024,0.78,0.1602361207449413,0.9335760000000001
GK,2024,0.79,0.17928095480193784,0.979006
GK,2024,0.8,0.2001183293450106,1.0379200000000006
GK,2024,0.81,0.20786767393800232,1.08409
GK,2024,0.8200000000000001,0.21612130190368203,1.14714
GK,2024,0.8300000000000001,0.23019700600053847,1.186398
GK,2024,0.8400000000000001,0.2649639967346942,1.20758
GK,2024,0.85,0.2896283498187092,1.3382300000000005
GK,2024,0.86,0.29590729421319795,1.4663119999999998
GK,2024,0.87,0.3087451806143344,1.7942639999999979
GK,2024,0.88,0.3498598375897378,1.9460920000000004
GK,2024,0.89,0.3969272343420127,1.9780600000000002
GK,2024,0.9,0.4380503819121008,1.99474
GK,2024,0.91,0.4558265848502287,2.0265640000000005
GK,2024,0.92,0.48102694519989636,2.0865760000000004
GK,2024,0.93,0.5079824220449602,2.3797399999999995
GK,2024,0.9400000000000001,0.5433308571428574,2.654952000000003
GK,2024,0.9500000000000001,0.6281911794019939,2.9244300000000014
GK,2024,0.9600000000000001,0.813459910735926,2.9607439999999996
GK,2024,0.97,0.8937694858373518,3.4481439999999988
GK,2024,0.98,1.1798526792452813,3.627039999999999
GK,2024,0.99,1.2202244756756757,3.843312000000001
GK,2024,1.0,1.4735094339622643,4.4769
GK,2025,0.01,-2.151395490347491,-6.440141
GK,2025,0.02,-1.2323894186431332,-5.264038
GK,2025,0.03,-1.090777714285714,-5.001829999999999
GK,2025,0.04,-1.0693457534246573,-4.93696
GK,2025,0.05,-1.018022117061021,-4.533285
GK,2025,0.060000000000000005,-0.741934814281428,-4.428174
GK,2025,0.06999999999999999,-0.6823432322006069,-4.2207560000000015
GK,2025,0.08,-0.6643000255330705,-3.801064
GK,2025,0.09,-0.638695985959986,-3.699316
GK,2025,0.09999999999999999,-0.6086699952896845,-3.40083
GK,2025,0.11,-0.5515279110578801,-3.108929
GK,2025,0.12,-0.5198744481591633,-3.0547519999999997
GK,2025,0.13,-0.4822123537414966,-2.930463
GK,2025,0.14,-0.4680738602520046,-2.770834
GK,2025,0.15000000000000002,-0.46266862340812615,-2.5882
GK,2025,0.16,-0.4556012037478516,-2.494704
GK,2025,0.17,-0.4328394272573044,-2.217685999999999
GK,2025,0.18000000000000002,-0.4119686116256158,-1.9198339999999996
GK,2025,0.19,-0.3841093689207345,-1.7571829999999997
GK,2025,0.2,-0.36359369696969696,-1.6650599999999998
GK,2025,0.21000000000000002,-0.33484631767337797,-1.5206359999999994
GK,2025,0.22,-0.30573576687184784,-1.4087679999999998
GK,2025,0.23,-0.29582014863905326,-1.3200089999999998
GK,2025,0.24000000000000002,-0.28171239145137256,-1.1695039999999994
GK,2025,0.25,-0.2732063480737591,-1.1175749999999998
GK,2025,0.26,-0.25964101347945195,-1.113182
GK,2025,0.27,-0.24946595464220184,-1.0780749999999997
GK,2025,0.28,-0.24429409095052207,-1.027412
GK,2025,0.29000000000000004,-0.23032469139801312,-1.0028569999999999
GK,2025,0.3,-0.22702883776088148,-0.9968
GK,2025,0.31,-0.22480151951517569,-0.989239
GK,2025,0.32,-0.22375601057356478,-0.94358
GK,2025,0.33,-0.22267849025430544,-0.9291269999999999
GK,2025,0.34,-0.19076043737024215,-0.9228619999999996
GK,2025,0.35000000000000003,-0.179002784140969,-0.7942649999999997
GK,2025,0.36000000000000004,-0.15004991963494443,-0.7032319999999992
GK,2025,0.37,-0.13780383815865882,-0.580952
GK,2025,0.38,-0.11930758108285398,-0.5627479999999999
GK,2025,0.39,-0.10688093993869198,-0.48505699999999996
GK,2025,0.4,-0.10053680641219193,-0.4625999999999999
GK,2025,0.41000000000000003,-0.0960221885856079,-0.4276459999999999
GK,2025,0.42000000000000004,-0.08716230167597762,-0.40943599999999997
GK,2025,0.43,-0.07807158030263792,-0.39317
GK,2025,0.44,-0.06568115153082449,-0.36216
GK,2025,0.45,-0.06420034119500072,-0.3331499999999999
GK,2025,0.46,-0.059694880591798866,-0.30563199999999985
GK,2025,0.47000000000000003,-0.05081226749040031,-0.2610839999999999
GK,2025,0.48000000000000004,-0.038794006392546015,-0.23973999999999995
GK,2025,0.49,-0.030298145731568214,-0.22098600000000002
GK,2025,0.5,-0.019172536991591334,-0.14784999999999998
GK,2025,0.51,-0.0018731727549679746,-0.01837499999999985
GK,2025,0.52,0.01706225879250848,0.0609800000000001
GK,2025,0.53,0.02836658681070815,0.0886780000000001
GK,2025,0.54,0.03123974300928726,0.11335600000000011
GK,2025,0.55,0.033424821078609286,0.17212500000000042
GK,2025,0.56,0.03744711850724482,0.2403120000000004
GK,2025,0.5700000000000001,0.040061598930661496,0.2762720000000002
GK,2025,0.5800000000000001,0.04336225710733531,0.284036
GK,2025,0.59,0.04552061754385964,0.29294699999999996
GK,2025,0.6,0.05129497716894975,0.29989999999999994
GK,2025,0.61,0.05511706656030925,0.31701899999999994
GK,2025,0.62,0.0804169394550205,0.344896
GK,2025,0.63,0.09299707415496619,0.370883
GK,2025,0.64,0.09460776336973478,0.43643600000000016
GK,2025,0.65,0.1004801215940686,0.46470000000000006
GK,2025,0.66,0.10366353748716893,0.5163700000000002
GK,2025,0.67,0.11409757007884277,0.5343420000000005
GK,2025,0.68,0.115908606903164,0.617932
GK,2025,0.6900000000000001,0.12152373613471688,0.6238149999999999
GK,2025,0.7000000000000001,0.1263672046852556,0.650450000000002
GK,2025,0.7100000000000001,0.14557529898160815,0.8571670000000003
GK,2025,0.72,0.15094174719189993,0.8982719999999998
GK,2025,0.73,0.17389080180797148,0.9528929999999999
GK,2025,0.74,0.18962653116011505,0.975096
GK,2025,0.75,0.20059887749333766,1.041775
GK,2025,0.76,0.20621096297486613,1.13244
GK,2025,0.77,0.22354386607972715,1.140922
GK,2025,0.78,0.245362415150698,1.1603940000000001
GK,2025,0.79,0.2571703419616354,1.1688720000000001
GK,2025,0.8,0.2640101585221234,1.2027800000000004
GK,2025,0.81,0.2766984103997868,1.3238250000000014
GK,2025,0.8200000000000001,0.2850527417380013,1.5094020000000012
GK,2025,0.8300000000000001,0.2916548438767127,1.6298410000000005
GK,2025,0.8400000000000001,0.30507156979660094,1.770624000000002
GK,2025,0.85,0.3181019566272859,1.9144449999999997
GK,2025,0.86,0.3211231124037639,1.99457
GK,2025,0.87,0.3315767303135888,2.050525
GK,2025,0.88,0.37980546029947965,2.0863
GK,2025,0.89,0.41120241840376376,2.2675480000000006
GK,2025,0.9,0.42724702164424333,3.128990000000003
GK,2025,0.91,0.44994984233252233,3.532864
GK,2025,0.92,0.48802807158555755,3.686224000000001
GK,2025,0.93,0.5034037834165834,3.7319300000000006
GK,2025,0.9400000000000001,0.5088038065428243,4.566192000000008
GK,2025,0.9500000000000001,0.7240142255809581,5.121555000000003
GK,2025,0.9600000000000001,0.8188873233830852,5.545988000000004
GK,2025,0.97,0.895936080604534,5.67953
GK,2025,0.98,0.9211876465382258,5.787915999999999
GK,2025,0.99,1.0792036027289422,10.587651999999993
GK,2025,1.0,1.552342196531792,13.075099999999999
GK,2026,0.01,-1.1204610365217391,-5.346204
GK,2026,0.02,-0.9575147653731343,-5.0617220000000005
GK,2026,0.03,-0.9264940656716417,-4.618962000000001
GK,2026,0.04,-0.8889482623481783,-3.840116
GK,2026,0.05,-0.7875200376612372,-3.46665
GK,2026,0.060000000000000005,-0.7109715119856888,-3.4206179999999997
GK,2026,0.06999999999999999,-0.6893934121457491,-3.331099
GK,2026,0.08,-0.6498748705610179,-3.186724
GK,2026,0.09,-0.586792259644503,-2.991578
GK,2026,0.09999999999999999,-0.5503591122580646,-2.7503
GK,2026,0.11,-0.5442578459325843,-2.3545450000000003
GK,2026,0.12,-0.5403490257977528,-2.21304
GK,2026,0.13,-0.5215682768539325,-2.1794350000000002
GK,2026,0.14,-0.5104310543283581,-2.0692799999999996
GK,2026,0.15000000000000002,-0.47975485196965983,-1.9848449999999997
GK,2026,0.16,-0.4378840858509464,-1.7682719999999996
GK,2026,0.17,-0.3850555760431697,-1.5680919999999998
GK,2026,0.18000000000000002,-0.3432048385284281,-1.4924719999999998
GK,2026,0.19,-0.33209362046511626,-1.4501959999999998
GK,2026,0.2,-0.3276030679192977,-1.42322
GK,2026,0.21000000000000002,-0.31979423695848264,-1.4219570000000001
GK,2026,0.22,-0.29390846412049043,-1.4184480000000002
GK,2026,0.23,-0.28992497695164204,-1.3114320000000002
GK,2026,0.24000000000000002,-0.2874967001211605,-1.2183599999999999
GK,2026,0.25,-0.2789549525101764,-1.167625
GK,2026,0.26,-0.27218358859885994,-1.145144
GK,2026,0.27,-0.2553904471520093,-1.096066
GK,2026,0.28,-0.2333691419232123,-1.0144359999999994
GK,2026,0.29000000000000004,-0.2207286004515559,-0.9460169999999999
GK,2026,0.3,-0.21497526435023656,-0.90713
GK,2026,0.31,-0.19943685366628863,-0.8676289999999998
GK,2026,0.32,-0.17823913248822715,-0.839208
GK,2026,0.33,-0.16118736201811726,-0.7738329999999999
GK,2026,0.34,-0.14845449245483175,-0.7020339999999998
GK,2026,0.35000000000000003,-0.1470610198992315,-0.6950899999999999
GK,2026,0.36000000000000004,-0.11873300185528737,-0.6353439999999996
GK,2026,0.37,-0.10534290519373453,-0.605545
GK,2026,0.38,-0.09384460186736711,-0.5915159999999999
GK,2026,0.39,-0.08667157242328333,-0.5215999999999997
GK,2026,0.4,-0.08586186791947906,-0.45437999999999995
GK,2026,0.41000000000000003,-0.08228766201829815,-0.43362499999999987
GK,2026,0.42000000000000004,-0.07313551150024944,-0.3755619999999997
GK,2026,0.43,-0.06263314549831484,-0.321105
GK,2026,0.44,-0.04829069528975165,-0.30573200000000017
GK,2026,0.45,-0.046449819583214376,-0.18360999999999966
GK,2026,0.46,-0.03887773723621512,-0.14138200000000004
GK,2026,0.47000000000000003,-0.022872446383467228,-0.130364
GK,2026,0.48000000000000004,-0.01618299150401835,-0.06209199999999934
GK,2026,0.49,0.004187323076922959,-0.011938000000000115
GK,2026,0.5,0.02598578680203046,0.0035
GK,2026,0.51,0.03949578564032633,0.017790000000000108
GK,2026,0.52,0.0486233631840796,0.04606800000000001
GK,2026,0.53,0.05303638665710188,0.07021400000000001
GK,2026,0.54,0.05711525161583591,0.07799800000000003
GK,2026,0.55,0.06890219225466857,0.11774500000000006
GK,2026,0.56,0.08431298237874435,0.12584400000000007
GK,2026,0.5700000000000001,0.09488933118527047,0.2004980000000004
GK,2026,0.5800000000000001,0.09755370666666667,0.2851540000000008
GK,2026,0.59,0.10228927999999998,0.3947029999999997
GK,2026,0.6,0.11664604810996568,0.47198000000000007
GK,2026,0.61,0.14285677070742972,0.5400459999999998
GK,2026,0.62,0.16458925252525253,0.584566
GK,2026,0.63,0.17254009121206404,0.6048379999999999
GK,2026,0.64,0.1767381677419355,0.643568
GK,2026,0.65,0.17898809267059818,0.668545
GK,2026,0.66,0.18137699978336747,0.7009000000000002
GK,2026,0.67,0.19112990424840542,0.7236500000000001
GK,2026,0.68,0.20123015135328912,0.7420880000000001
GK,2026,0.6900000000000001,0.20796435884567127,0.7911100000000004
GK,2026,0.7000000000000001,0.21821541984732826,0.8156800000000001
GK,2026,0.7100000000000001,0.22690129782471455,0.8224250000000001
GK,2026,0.72,0.25679045719735893,0.8667159999999997
GK,2026,0.73,0.2822218912685338,0.912333
GK,2026,0.74,0.28374955102040816,0.9744720000000006
GK,2026,0.75,0.2866350636899055,1.190125
GK,2026,0.76,0.2922233071562653,1.5293079999999997
GK,2026,0.77,0.29426808723497505,1.5917690000000007
GK,2026,0.78,0.3118390450444378,1.6797660000000003
GK,2026,0.79,0.3135087320882853,1.7690090000000003
GK,2026,0.8,0.32543661207448266,1.8909199999999997
GK,2026,0.81,0.34670916896249737,2.0619780000000016
GK,2026,0.8200000000000001,0.3754532884348488,2.1913040000000006
GK,2026,0.8300000000000001,0.39500297821286867,2.253939
GK,2026,0.8400000000000001,0.40441561688022565,2.293264
GK,2026,0.85,0.4178761284274664,2.3452249999999992
GK,2026,0.86,0.4343528873306773,2.4192860000000005
GK,2026,0.87,0.4363094431075901,2.521826
GK,2026,0.88,0.4486208513029961,2.6194319999999993
GK,2026,0.89,0.4891807092931816,2.806345999999999
GK,2026,0.9,0.49876104220183487,3.074440000000002
GK,2026,0.91,0.5544962105212704,3.9806630000000025
GK,2026,0.92,0.6021174971047892,4.366228
GK,2026,0.93,0.6794558810307391,4.7686510000000055
GK,2026,0.9400000000000001,0.7596417919400192,5.131732000000002
GK,2026,0.9500000000000001,0.7971151515151516,5.402770000000001
GK,2026,0.9600000000000001,0.8226569126559724,5.6762280000000045
GK,2026,0.97,0.866871180109157,5.890391
GK,2026,0.98,0.9732769884658528,6.098829999999992
GK,2026,0.99,1.645151676831691,7.2312160000000105
GK,2026,1.0,3.683904,9.8633
